BRC code,Taxon name,L,F,R,N,S
0920  2527,Acaena novae-zelandiae,8,3,6,3,0
0920     3,Acer campestre,5,5,7,6,0
0920     4,Acer platanoides,4,5,7,7,0
0920     5,Acer pseudoplatanus,4,5,6,6,0
0920     6,Aceras anthropophorum,7,4,8,3,0
0920     7,Achillea millefolium,7,5,6,4,1
0920     9,Achillea ptarmica,7,7,5,3,0
0920    14,Aconitum napellus,5,7,7,6,0
0920  3305,Aconitum napellus sens. lat.,5,7,7,6,0
0920    15,Acorus calamus,8,10,7,7,0
0920    16,Actaea spicata,3,5,8,6,0
0910    17,Adiantum capillus-veneris,4,7,8,3,0
0920    18,Adonis annua,7,4,7,4,0
0920    19,Adoxa moschatellina,4,5,6,5,0
0920    20,Aegopodium podagraria,6,5,6,7,0
0920  2241,Aesculus hippocastanum,5,5,7,7,0
0920    21,Aethusa cynapium,6,4,7,6,0
0920    22,Agrimonia eupatoria,7,4,7,4,0
0920    23,Agrimonia procera,5,6,7,5,0
0920    34,Agrostemma githago,7,5,6,5,0
0920    35.2,Agrostis canina,7,7,3,3,0
0920    35,Agrostis canina sens.lat.,7,6,3,3,0
0920    40,Agrostis capillaris,6,5,4,4,0
0920    38,Agrostis curtisii,7,6,2,1,0
0920    36,Agrostis gigantea,7,6,6,7,0
0920    39,Agrostis stolonifera,7,6,7,6,1
0920    35.1,Agrostis vinealis,7,6,3,2,0
0920    41,Aira caryophyllea,8,2,5,2,0
0920    42,Aira praecox,8,2,4,2,0
0920    43,Ajuga chamaepitys,7,4,8,2,0
0920    45,Ajuga pyramidalis,7,5,5,2,0
0920    46,Ajuga reptans,5,7,5,5,0
0920    47,Alchemilla acutiloba,7,4,6,5,0
0920    48,Alchemilla alpina,7,5,4,3,0
0920  4480,Alchemilla filicaulis,8,6,6,3,0
0920    51,Alchemilla glabra,7,6,6,4,0
0920    54,Alchemilla glaucescens,7,5,7,5,0
0920    52,Alchemilla glomerulans,7,5,5,4,0
0920  2552,Alchemilla micans,7,5,7,5,0
0920    53,Alchemilla minima,7,6,8,3,0
0920  2255,Alchemilla mollis,6,5,7,6,0
0920    55,Alchemilla monticola,7,4,6,4,0
0920    56,Alchemilla subcrenata,7,4,6,5,0
0920    58,Alchemilla vulgaris agg.,7,5,6,4,0
0920    59,Alchemilla wichurae,7,5,5,3,0
0920    60,Alchemilla xanthochlora,6,5,6,4,0
0920    61,Alisma gramineum,7,11,7,4,0
0920    62,Alisma lanceolatum,8,10,7,7,0
0920    63,Alisma plantago-aquatica,7,10,7,7,0
0920    64,Alliaria petiolata,5,6,7,8,0
0920  8283,Allium ampeloprasum,8,4,6,5,0
0920    67,Allium carinatum,8,4,7,2,0
0920  9184,Allium cepa,7,4,7,8,0
0920    68,Allium oleraceum,7,5,7,4,0
0920    69,Allium paradoxum,6,5,5,7,1
0920    70,Allium roseum,7,4,6,5,0
0920    72,Allium schoenoprasum,8,6,5,1,0
0920    71,Allium scorodoprasum,6,6,7,7,0
0920    73,Allium sphaerocephalon,9,3,8,2,0
0920    74,Allium triquetrum,6,4,6,5,0
0920    75,Allium ursinum,4,6,7,7,0
0920    76,Allium vineale,7,5,8,6,0
0920    77,Alnus glutinosa,5,8,6,6,0
0920    78,Alnus incana,6,7,6,4,0
0920    79,Alopecurus aequalis,8,9,4,7,0
0920    80,Alopecurus borealis,8,9,5,3,0
0920    81,Alopecurus bulbosus,8,7,7,5,3
0920    82,Alopecurus geniculatus,8,7,6,6,1
0920    84,Alopecurus myosuroides,6,5,7,6,0
0920    85,Alopecurus pratensis,7,5,6,7,0
0920    86,Althaea hirsuta,9,4,8,3,0
0920    87,Althaea officinalis,7,7,8,4,2
0920    90,Amaranthus albus,8,5,8,7,0
0920    92,Amaranthus retroflexus,7,4,7,7,0
0920    97,Ammophila arenaria,9,4,6,3,3
0920  2616,Amsinckia micrantha,9,3,3,3,0
0920    98,Anacamptis pyramidalis,8,4,8,3,0
0920    99,Anagallis arvensis,7,4,6,5,0
0920   456,Anagallis minima,8,7,5,3,0
0920   100,Anagallis tenella,8,8,5,3,0
0920   101,Anaphalis margaritacea,8,5,6,3,0
0920  1218,Anchusa arvensis,7,4,6,5,0
0920   103,Andromeda polifolia,9,9,1,1,0
0920   105,Anemone nemorosa,5,6,5,4,0
0920   109,Angelica sylvestris,7,8,6,5,0
0920   110,Anisantha diandra,7,4,5,4,0
0920   112,Anisantha rigida,8,4,8,7,0
0920   113,Anisantha sterilis,7,5,8,7,0
0910   115,Anogramma leptophylla,7,2,8,1,0
0920   116,Antennaria dioica,8,5,4,2,0
0920   117,Anthemis arvensis,7,4,7,6,0
0920   118,Anthemis cotula,7,5,6,6,0
0920   122,Anthoxanthum aristatum,7,4,4,5,0
0920   121,Anthoxanthum odoratum,7,6,4,3,0
0920   123,Anthriscus caucalis,7,5,6,5,0
0920   125,Anthriscus sylvestris,6,5,7,7,0
0920   126,Anthyllis vulneraria,8,4,7,2,0
0920   127,Antirrhinum majus,8,3,7,5,0
0920   129,Apera interrupta,9,5,8,6,3
0920   130,Apera spica-venti,7,4,5,5,0
0920   132,Aphanes arvensis,8,4,6,4,0
0920   131,Aphanes arvensis agg.,7,4,6,4,0
0920   133,Aphanes australis,7,4,5,4,0
0920   134,Apium graveolens,8,8,7,7,2
0920   135,Apium inundatum,7,10,6,4,0
0920   137,Apium nodiflorum,7,10,7,7,0
0920   138,Apium repens,9,9,7,7,0
0920   141,Aquilegia vulgaris,6,4,6,5,0
0920   142,Arabidopsis thaliana,8,3,6,2,0
0920   143,Arabis alpina,7,5,7,3,0
0920  2108,Arabis glabra,7,3,8,5,0
0920   146,Arabis hirsuta,7,5,8,3,0
0920   332,Arabis petraea,9,3,8,1,0
0920   147,Arabis scabra,7,3,8,2,0
0920   149,Arbutus unedo,6,5,7,2,0
0920   151,Arctium lappa,9,5,7,9,0
0920  2405,Arctium minus,6,4,7,5,0
0920   156,Arctostaphylos alpinus,7,6,2,2,0
0920   155,Arctostaphylos uva-ursi,7,5,2,2,0
0920   158,Arenaria ciliata,9,5,8,2,0
0920  6952,Arenaria norvegica,9,3,8,2,0
0920   162,Arenaria serpyllifolia,8,3,7,5,0
0920   165,Armeria arenaria,8,3,6,2,0
0920   166,Armeria maritima,8,7,5,5,3
0920   167,Armoracia rusticana,8,5,7,7,0
0920   168,Arnoseris minima,7,4,3,3,0
0920   169,Arrhenatherum elatius,7,5,7,7,0
0920   170,Artemisia absinthium,7,4,7,9,0
0920   171,Artemisia campestris,8,3,6,5,0
0920  2264,Artemisia norvegica,9,4,4,1,0
0920   175,Artemisia vulgaris,7,4,8,7,0
0920   177,Arum italicum,4,5,6,6,0
0920   176,Arum maculatum,4,5,7,7,0
0920   179,Asparagus officinalis,7,5,6,5,2
0920   179.1,Asparagus officinalis subsp.officinalis,7,5,6,5,2
0920   179.2,Asparagus officinalis subsp.prostratus,8,4,6,3,3
0920  5472,Asperula cynanchica,7,3,8,2,0
0910   185.1,Asplenium adiantum-nigrum,6,4,5,5,0
0910   185,Asplenium adiantum-nigrum sens.lat.,6,4,5,5,0
0910   189,Asplenium marinum,9,6,5,5,3
0910   191,Asplenium obovatum,5,5,4,3,0
0910   185.2,Asplenium onopteris,5,5,7,3,0
0910   192,Asplenium ruta-muraria,7,3,7,2,0
0910   193,Asplenium septentrionale,8,3,2,2,0
0910   194,Asplenium trichomanes,5,3,8,2,0
0910   195,Asplenium viride,4,5,8,3,0
0920   201,Aster (alien N American taxa),7,5,7,6,1
0920   197,Aster lanceolatus,7,5,7,6,1
0920   203,Aster lanceolatus x novi-belgii (A. x salignus),7,5,7,6,1
0920  1166,Aster linosyris,8,3,8,1,0
0920   200,Aster novae-angliae,7,5,7,6,0
0920  4494,Aster novi-belgii,7,6,7,6,1
0920   204,Aster tripolium,9,8,7,6,5
0920   206,Astragalus alpinus,9,4,6,2,0
0920   207,Astragalus danicus,8,3,8,2,0
0920   208,Astragalus glycyphyllos,6,4,7,3,0
0910   210,Athyrium distentifolium,6,6,3,4,0
0910   211,Athyrium filix-femina,5,7,5,6,0
0910   210.1,Athyrium flexile,7,6,3,4,0
0920   212,Atriplex glabriuscula,9,6,7,8,3
0920   216,Atriplex laciniata,9,6,7,7,3
0920   217,Atriplex littoralis,9,6,7,6,4
0920  2286,Atriplex longipes,9,6,7,8,4
0920   218,Atriplex patula,7,5,7,7,2
0920   949,Atriplex pedunculata,9,8,7,8,5
0920   950,Atriplex portulacoides,9,8,8,6,6
0920  2287,Atriplex praecox,9,5,7,6,3
0920   214,Atriplex prostrata,8,7,7,7,2
0920   219,Atropa belladonna,5,4,8,6,0
0920   220,Avena fatua,7,4,7,7,0
0920  2988,Avena sativa,7,5,7,7,0
0920  7682,Avena sterilis,7,5,7,7,0
0920   222,Avena strigosa,7,7,5,5,0
0910   223,Azolla filiculoides,7,11,8,8,0
0920   224,Baldellia ranunculoides,8,10,6,2,0
0920   225,Ballota nigra,7,4,8,6,0
0920   226,Barbarea intermedia,8,5,6,7,0
0920   227,Barbarea stricta,8,7,7,8,0
0920   228,Barbarea verna,8,5,6,6,0
0920   229,Barbarea vulgaris,7,6,7,8,0
0920   230,Bartsia alpina,8,8,7,2,0
0920   231,Bellis perennis,8,5,6,4,0
0920   232,Berberis vulgaris,7,4,8,3,0
0920   234,Berula erecta,7,10,7,7,0
0920   235,Beta vulgaris,9,5,7,8,3
0920   238,Betula nana,7,8,1,1,0
0920   239,Betula pendula,7,5,4,4,0
0920   240,Betula pubescens,7,7,4,4,0
0920   241,Bidens cernua,8,9,7,7,0
0920   242,Bidens tripartita,8,8,7,7,0
0920   243,Blackstonia perfoliata,8,5,8,2,0
0910   244,Blechnum spicant,5,6,3,3,0
0920   245,Blysmus compressus,8,8,8,3,0
0920   246,Blysmus rufus,8,8,7,4,5
0920  1860,Bolboschoenus maritimus,8,10,8,7,4
0910   248,Botrychium lunaria,8,4,6,2,0
0920   249,Brachypodium pinnatum,7,3,8,3,0
0920   250,Brachypodium sylvaticum,6,5,6,5,0
0920   251,Brassica napus,7,4,7,7,0
0920   252,Brassica nigra,8,5,7,6,0
0920   253,Brassica oleracea,8,4,7,8,3
0920   254,Brassica rapa,7,5,7,6,0
0920   255,Briza maxima,7,3,4,2,0
0920   256,Briza media,8,5,7,3,0
0920   257,Briza minor,7,4,5,5,0
0920   259,Bromopsis benekenii,5,5,7,5,0
0920   263,Bromopsis erecta,7,4,8,3,0
0920   265,Bromopsis inermis,8,4,8,5,0
0920   272,Bromopsis ramosa,4,6,7,7,0
0920   262,Bromus commutatus,7,4,8,6,0
0920   269,Bromus hordeaceus,8,4,7,4,0
0920   271,Bromus racemosus,6,6,7,8,0
0920   273,Bromus secalinus,6,4,5,4,0
0920   276,Bryonia dioica,7,5,7,7,0
0920   277,Buddleja davidii,7,5,7,5,0
0920   282,Bunium bulbocastanum,7,4,9,4,0
0920   285,Bupleurum baldense,9,3,8,2,0
0920   283,Bupleurum falcatum,6,3,9,3,0
0920   286,Bupleurum rotundifolium,8,3,9,4,0
0920   287,Bupleurum tenuissimum,9,7,8,4,3
0920   288,Butomus umbellatus,7,11,7,7,0
0920   289,Buxus sempervirens,4,4,8,5,0
0920   291,Cakile maritima,9,6,7,7,3
0920   292,Calamagrostis canescens,7,9,7,5,0
0920   293,Calamagrostis epigejos,7,7,7,6,0
0920  2646,Calamagrostis purpurea,7,8,6,3,0
0920   295,Calamagrostis scotica,8,8,6,4,0
0920   294,Calamagrostis stricta,9,9,4,2,0
0920   300,Calendula officinalis,8,5,7,7,0
0920   303.2,Callitriche brutia,8,10,5,5,0
0920   303.1,Callitriche hamulata,7,11,6,5,0
0920   303,Callitriche hamulata sens.lat.,7,10,5,5,0
0920   302,Callitriche hermaphroditica,7,12,7,5,1
0920   304,Callitriche obtusangula,7,11,7,6,1
0920   307.1,Callitriche platycarpa,6,10,7,7,0
0920   307.2,Callitriche stagnalis,7,10,6,6,1
0920   307,Callitriche stagnalis sens.lat.,6,10,6,6,0
0920   308,Callitriche truncata,7,12,7,7,0
0920   309,Calluna vulgaris,7,6,2,2,0
0920   310,Caltha palustris,7,9,6,4,0
0920  2266,Calystegia pulchra,6,5,7,7,0
0920   311,Calystegia sepium,7,8,7,7,1
0920   313,Calystegia silvatica,5,5,7,6,0
0920   312,Calystegia soldanella,9,4,7,4,3
0920  4352,Camelina sativa,7,4,7,6,0
0920   315,Campanula glomerata,8,4,7,3,0
0920   316,Campanula latifolia,4,5,7,6,0
0920   318,Campanula patula,8,5,7,5,0
0920   319,Campanula persicifolia,6,5,7,6,0
0920  2640,Campanula portenschlagiana,6,5,7,6,0
0920  2641,Campanula poscharskyana,6,5,7,6,0
0920   320,Campanula rapunculoides,6,4,7,5,0
0920   321,Campanula rapunculus,7,3,7,4,0
0920   322,Campanula rotundifolia,7,4,5,2,0
0920   323,Campanula trachelium,4,5,7,6,0
0920   325,Capsella bursa-pastoris,7,5,7,7,0
0920   327,Cardamine amara,6,9,7,6,0
0920   625,Cardamine bulbifera,3,5,7,6,0
0920   328,Cardamine flexuosa,5,7,6,6,0
0920   329,Cardamine hirsuta,8,5,6,6,0
0920   330,Cardamine impatiens,6,5,8,7,0
0920   331,Cardamine pratensis,7,8,5,4,0
0920   335,Carduus crispus,7,4,8,7,0
0920   337,Carduus nutans,7,4,8,5,0
0920   339,Carduus tenuiflorus,8,4,7,4,0
0920   340,Carex acuta,7,9,7,5,0
0920   341,Carex acutiformis,7,9,7,6,0
0920   342,Carex appropinquata,7,9,8,4,0
0920   343,Carex aquatilis,8,10,4,3,0
0920   344,Carex arenaria,8,3,5,2,1
0920   345,Carex atrata,7,5,6,3,0
0920   346,Carex atrofusca,8,9,7,3,0
0920   349,Carex bigelowii,7,5,2,2,0
0920   350,Carex binervis,7,6,3,2,0
0920   352,Carex buxbaumii,8,8,7,2,0
0920   353,Carex capillaris,9,6,8,2,0
0920   355,Carex caryophyllea,7,4,7,2,0
0920   356,Carex chordorrhiza,9,9,4,3,0
0920   359,Carex curta,8,9,3,2,0
0920   360,Carex davalliana,9,9,8,2,0
0920   362,Carex depauperata,5,4,7,4,0
0920   363,Carex diandra,8,9,5,3,0
0920   364,Carex digitata,5,5,8,4,0
0920   365,Carex dioica,8,9,6,2,0
0920   366,Carex distans,8,6,7,5,3
0920   367,Carex disticha,7,8,6,4,0
0920   368,Carex divisa,8,7,7,6,3
0920  4520,Carex divulsa,7,4,7,6,0
0920   370,Carex echinata,8,8,3,2,0
0920   371,Carex elata,7,10,7,5,0
0920   372,Carex elongata,5,8,6,6,0
0920   373,Carex ericetorum,8,4,7,1,0
0920   374,Carex extensa,8,7,7,5,4
0920   375,Carex filiformis,7,7,8,5,0
0920   376,Carex flacca,7,5,6,2,0
0920   378,Carex flava,7,9,8,2,0
0920   381,Carex hirta,7,7,7,6,0
0920   382,Carex hostiana,8,9,6,2,0
0920   383,Carex humilis,8,3,8,2,0
0920   384,Carex lachenalii,8,7,4,1,0
0920   385,Carex laevigata,5,8,5,4,0
0920   386,Carex lasiocarpa,8,10,6,3,0
0920   388,Carex limosa,8,10,4,1,0
0920   403,Carex magellanica,9,9,2,1,0
0920   389,Carex maritima,9,8,7,2,3
0920   390,Carex microglochin,9,9,8,2,0
0920   391,Carex montana,7,6,4,1,0
0920   398,Carex muricata,7,4,6,4,0
0920   393,Carex nigra,7,8,4,2,0
0920   394,Carex norvegica,8,7,7,2,0
0920   395,Carex ornithopoda,8,3,9,3,0
0920   396,Carex otrubae,6,8,7,7,2
0920   397,Carex ovalis,7,7,5,4,0
0920   399,Carex pallescens,6,6,5,4,0
0920   400,Carex panicea,8,8,4,2,0
0920   401,Carex paniculata,6,9,6,6,0
0920   402,Carex pauciflora,8,9,1,1,0
0920   404,Carex pendula,5,8,7,6,0
0920   405,Carex pilulifera,7,5,3,2,0
0920   407,Carex pseudocyperus,7,9,6,6,0
0920   408,Carex pulicaris,8,7,5,2,0
0920   409,Carex punctata,9,7,7,3,3
0920   410,Carex rariflora,8,9,3,2,0
0920   411,Carex recta,8,9,7,5,3
0920   412,Carex remota,4,8,6,6,0
0920   413,Carex riparia,7,9,7,7,0
0920   414,Carex rostrata,8,10,4,2,0
0920   415,Carex rupestris,8,4,7,2,0
0920   417,Carex saxatilis,8,9,7,3,0
0920   357,Carex spicata,7,6,6,4,0
0920   420,Carex strigosa,3,8,7,6,0
0920   421,Carex sylvatica,4,5,6,5,0
0920   423,Carex vaginata,7,6,6,3,0
0920   424,Carex vesicaria,8,10,5,4,0
0920  7117,Carex viridula,8,8,6,2,0
0920   387,Carex viridula subsp.brachyrrhyncha,8,9,8,2,1
0920   361,Carex viridula subsp.oedocarpa,8,8,4,2,0
0920  7118,Carex viridula subsp.viridula,8,7,7,3,1
0920   425,Carex vulpina,7,9,8,6,0
0920   427,Carlina vulgaris,8,4,7,2,0
0920   428,Carpinus betulus,4,5,5,6,0
0920   429,Carpobrotus edulis,9,3,4,5,3
0920   430,Carum carvi,8,5,7,6,1
0920   431,Carum verticillatum,7,8,4,2,0
0920   432,Castanea sativa,5,5,5,5,0
0920   433,Catabrosa aquatica,6,9,7,7,1
0920   434,Catapodium marinum,9,5,7,3,3
0920   435,Catapodium rigidum,8,3,7,2,0
0920   439,Centaurea calcitrapa,7,4,7,3,0
0920   440,Centaurea cyanus,7,5,6,5,0
0920   444,Centaurea nigra,7,5,6,5,0
0920   446,Centaurea scabiosa,8,3,8,3,0
0920  5486,Centaurium erythraea,8,5,6,3,0
0920   450,Centaurium littorale,9,7,8,3,1
0920   453,Centaurium pulchellum,8,8,8,3,1
0920   452,Centaurium scilloides,9,3,5,2,0
0920   454,Centaurium tenuiflorum,8,6,7,4,0
0920   455,Centranthus ruber,8,4,8,5,1
0920   457,Cephalanthera damasonium,4,4,7,5,0
0920   458,Cephalanthera longifolia,5,4,7,4,0
0920   459,Cephalanthera rubra,4,3,8,4,0
0920   460,Cerastium alpinum,9,5,6,2,0
0920   465,Cerastium arcticum,7,6,4,2,0
0920   461,Cerastium arvense,8,4,5,3,0
0920   463,Cerastium brachypetalum,9,3,8,2,0
0920   464,Cerastium cerastoides,8,8,5,4,0
0920   462,Cerastium diffusum,9,4,6,3,1
0920   467,Cerastium fontanum,7,5,5,4,0
0920   466,Cerastium glomeratum,7,5,6,5,0
0920   465.1,Cerastium nigrescens,9,3,5,1,0
0920   468,Cerastium pumilum,8,2,8,1,0
0920   469,Cerastium semidecandrum,8,3,6,3,0
0920   470,Cerastium tomentosum,8,3,7,5,1
0920   555,Ceratocapnos claviculata,5,5,4,5,0
0920   260,Ceratochloa carinata,8,5,6,6,0
0920   261,Ceratochloa cathartica,7,4,5,5,0
0920   471,Ceratophyllum demersum,7,12,7,7,1
0920   472,Ceratophyllum submersum,7,12,8,8,2
0910   473,Ceterach officinarum,7,3,8,1,0
0920   474,Chaenorhinum minus,8,4,7,4,0
0920   476,Chaerophyllum temulum,6,5,7,7,0
0920  2398,Chamaecyparis lawsoniana,5,5,6,4,0
0920   119,Chamaemelum nobile,8,7,5,5,0
0920   477,Chamerion angustifolium,6,5,6,5,0
0920   480,Chelidonium majus,6,5,8,7,0
0920   482,Chenopodium album,7,5,7,7,1
0920   481,Chenopodium album agg.,7,5,7,7,1
0920   484,Chenopodium bonus-henricus,8,5,7,8,0
0920   485,Chenopodium chenopodioides,8,7,7,8,4
0920   487,Chenopodium ficifolium,7,6,6,7,0
0920   488,Chenopodium glaucum,8,6,7,9,3
0920   490,Chenopodium hybridum,7,4,7,7,0
0920   491,Chenopodium murale,8,6,6,7,0
0920   493,Chenopodium polyspermum,7,6,7,8,0
0920   496,Chenopodium rubrum,7,7,7,8,1
0920   498,Chenopodium urbicum,7,5,7,7,0
0920   500,Chenopodium vulvaria,7,4,7,9,0
0920   504,Chrysanthemum segetum,7,5,6,5,0
0920   505,Chrysosplenium alternifolium,5,8,6,6,0
0920   506,Chrysosplenium oppositifolium,5,9,5,5,0
0920   507,Cicendia filiformis,9,8,3,2,0
0920   508,Cicerbita alpina,7,6,6,6,0
0920  2381,Cicerbita macrophylla,7,5,6,6,0
0920   509,Cichorium intybus,8,4,7,5,0
0920   510,Cicuta virosa,7,10,7,5,0
0920   511,Circaea alpina,4,7,5,5,0
0920   512,Circaea alpina x lutetiana (C. x intermedia),4,6,6,6,0
0920   513,Circaea lutetiana,4,6,7,6,0
0920   514,Cirsium acaule,9,4,8,3,0
0920   515,Cirsium arvense,8,6,7,6,0
0920   516,Cirsium dissectum,8,8,4,2,0
0920   517,Cirsium eriophorum,8,4,8,5,0
0920   518,Cirsium heterophyllum,7,6,6,5,0
0920   520,Cirsium palustre,7,8,5,4,0
0920   521,Cirsium tuberosum,8,6,8,3,0
0920   522,Cirsium vulgare,7,5,6,6,0
0920   523,Cladium mariscus,8,10,8,4,0
0920   525,Claytonia perfoliata,6,6,5,5,0
0920   524,Claytonia sibirica,5,7,6,6,0
0920   528,Clematis vitalba,6,4,8,5,0
0920    12,Clinopodium acinos,8,2,8,1,0
0920   296,Clinopodium ascendens,7,5,7,6,0
0920   298,Clinopodium calamintha,8,3,9,3,0
0920   297,Clinopodium menthifolium,5,5,8,5,0
0920   530,Clinopodium vulgare,7,4,7,4,0
0920   532,Cochlearia anglica,8,8,7,6,6
0920  3902,Cochlearia atlantica,8,6,7,5,4
0920   533,Cochlearia danica,9,6,7,5,4
0920   534,Cochlearia micacea,8,8,7,2,0
0920   535,Cochlearia officinalis,8,6,7,5,3
0920  2547,Cochlearia officinalis sens.lat.,8,7,7,4,2
0920  5422,Cochlearia pyrenaica,8,7,8,3,0
0920   537,Coeloglossum viride,7,4,6,2,0
0920  5396,Coincya monensis,9,4,6,3,0
0920  1690,Coincya wrightii,9,4,4,3,0
0920   538,Colchicum autumnale,6,6,6,4,0
0920   539,Colutea arborescens,7,4,8,3,0
0920   540,Conium maculatum,8,5,7,8,0
0920   541,Conopodium majus,6,5,5,5,0
0920   622,Consolida ajacis,8,4,8,4,0
0920   543,Convallaria majalis,5,5,6,5,0
0920   544,Convolvulus arvensis,7,4,8,6,0
0920   735,Conyza canadensis,7,4,7,6,0
0920  2633,Conyza sumatrensis,7,4,7,7,0
0920   545,Corallorhiza trifida,5,5,5,4,0
0920   546,Coriandrum sativum,8,4,6,5,0
0920   548,Cornus sanguinea,7,5,7,6,0
0920   549,Cornus sericea,6,7,5,6,0
0920   478,Cornus suecica,6,6,1,2,0
0920   551,Coronopus didymus,9,5,6,7,0
0920   552,Coronopus squamatus,7,5,7,7,0
0920   553,Corrigiola litoralis,8,7,5,5,0
0920   557,Corylus avellana,4,5,6,6,0
0920   558,Corynephorus canescens,9,1,3,1,0
0920  2928,Cotoneaster bullatus,7,4,7,4,0
0920   561,Cotoneaster cambricus,8,3,7,2,0
0920   560,Cotoneaster horizontalis,8,3,8,4,0
0920   562,Cotoneaster integrifolius,7,3,7,4,0
0920  3313,Cotoneaster microphyllus agg.,7,3,7,4,0
0920   563,Cotoneaster simonsii,6,5,6,4,0
0920   565,Crambe maritima,9,5,8,7,3
0920   566,Crassula aquatica,8,9,5,5,0
0920  2423,Crassula helmsii,7,10,6,7,0
0920   567,Crassula tillaea,8,7,4,2,0
0920   570,Crataegus laevigata,5,5,7,5,0
0920   569,Crataegus monogyna,6,5,7,6,0
0920   571,Crepis biennis,8,5,7,6,0
0920   572,Crepis capillaris,7,4,7,4,0
0920   573,Crepis foetida,9,4,6,3,0
0920   574,Crepis mollis,8,5,7,5,0
0920   576,Crepis paludosa,6,7,6,4,0
0920  4518,Crepis praemorsa,8,3,9,3,0
0920   578,Crepis vesicaria,8,5,7,7,0
0920   579,Crithmum maritimum,9,6,7,5,5
0920   580,Crocosmia aurea x pottsii (C. x crocosmiiflora),7,6,4,4,0
0920   875,Cruciata laevipes,6,5,7,5,0
0910   586,Cryptogramma crispa,7,5,2,3,0
0920   589,Cuscuta epithymum,7,6,2,2,0
0920   590,Cuscuta europaea,6,7,6,7,0
0920   592,Cymbalaria muralis,7,5,7,6,0
0920   594,Cynodon dactylon,8,4,7,5,0
0920   595,Cynoglossum germanicum,6,5,8,7,0
0920   596,Cynoglossum officinale,8,4,8,6,1
0920   597,Cynosurus cristatus,7,5,6,4,0
0920   599,Cyperus fuscus,9,8,5,4,0
0920   600,Cyperus longus,8,9,7,5,0
0920   601,Cypripedium calceolus,5,4,8,4,0
0910   602,Cystopteris dickieana,5,7,8,2,0
0910   603,Cystopteris fragilis,6,7,8,4,0
0910   604,Cystopteris montana,5,7,9,2,0
0920  1822,Cytisus scoparius,8,5,4,4,0
0920   605,Daboecia cantabrica,8,5,3,2,0
0920   607,Dactylis glomerata,7,5,7,6,0
0920   608,Dactylorhiza fuchsii,7,8,7,3,0
0920   609,Dactylorhiza incarnata,8,9,6,2,0
0920  2964,Dactylorhiza lapponica,8,8,6,2,0
0920   610,Dactylorhiza maculata,7,7,3,2,0
0920   611,Dactylorhiza majalis,7,7,5,3,0
0920   612,Dactylorhiza praetermissa,8,8,7,3,0
0920   613,Dactylorhiza purpurella,8,8,7,2,1
0920   614,Dactylorhiza traunsteineri,8,8,7,2,0
0920   615,Damasonium alisma,8,10,5,3,0
0920  1915,Danthonia decumbens,7,6,4,2,0
0920   617,Daphne laureola,4,5,7,5,0
0920   618,Daphne mezereum,4,5,7,6,0
0920   619,Datura stramonium,8,4,7,8,1
0920  5474,Daucus carota,8,4,7,3,2
0920  5475,Daucus carota subsp.sativus,7,5,7,8,0
0920   627,Deschampsia cespitosa,6,6,5,4,0
0920   628,Deschampsia flexuosa,6,5,2,3,0
0920   629,Deschampsia setacea,8,9,2,1,0
0920   630,Descurainia sophia,8,4,7,6,0
0920   631,Dianthus armeria,8,5,5,3,0
0920   635,Dianthus deltoides,8,3,5,2,0
0920   637,Dianthus gratianopolitanus,9,2,7,1,0
0920   639,Diapensia lapponica,9,3,4,1,0
0920   640,Digitalis purpurea,6,6,4,5,0
0920   641,Digitaria ischaemum,7,4,5,5,0
0920   642,Digitaria sanguinalis,7,4,5,5,0
0910  1213,Diphasiastrum alpinum,7,5,2,2,0
0910  2277,Diphasiastrum complanatum,6,4,1,2,0
0920   644,Diplotaxis muralis,8,4,7,6,1
0920   645,Diplotaxis tenuifolia,8,5,7,6,1
0920   646.1,Dipsacus fullonum,8,7,7,7,0
0920   646,Dipsacus fullonum sens.lat.,8,7,7,7,0
0920   647,Dipsacus pilosus,7,6,8,7,0
0920  2387,Disphyma crassifolium,9,3,4,5,3
0920   648,Doronicum pardalianches,4,5,6,5,0
0920   650,Draba aizoides,8,4,9,3,0
0920   651,Draba incana,8,5,7,2,0
0920   652,Draba muralis,7,6,7,6,0
0920   653,Draba norvegica,8,5,7,3,0
0920   654,Drosera anglica,8,9,2,1,0
0920   655,Drosera intermedia,8,9,2,1,0
0920   657,Drosera rotundifolia,8,9,2,1,0
0920   658,Dryas octopetala,8,4,7,2,0
0910   660,Dryopteris aemula,5,6,2,3,0
0910   662,Dryopteris affinis,5,6,5,5,0
0910   666,Dryopteris carthusiana,6,8,5,4,0
0910   663,Dryopteris cristata,6,9,4,4,0
0910   661,Dryopteris dilatata,5,6,4,5,0
0910  2274,Dryopteris expansa,7,6,3,2,0
0910   665,Dryopteris filix-mas,5,6,5,5,0
0910   664,Dryopteris filix-mas agg.,5,6,5,5,0
0910   659,Dryopteris oreades,7,5,2,2,0
0910  2499,Dryopteris remota,6,6,4,4,0
0910   667,Dryopteris submontana,8,5,9,3,0
0920   668,Echinochloa crus-galli,6,5,7,8,0
0920   669,Echium plantagineum,9,3,5,5,0
0920   670,Echium vulgare,8,4,7,4,1
0920   671,Elatine hexandra,7,10,5,4,0
0920   672,Elatine hydropiper,7,10,5,5,0
0920   673,Eleocharis acicularis,7,10,7,5,1
0920  2267,Eleocharis austriaca,8,9,5,5,0
0920   674,Eleocharis multicaulis,8,9,4,1,0
0920   675,Eleocharis palustris,8,10,6,4,1
0920   676,Eleocharis parvula,6,9,7,5,3
0920   677,Eleocharis quinqueflora,9,9,7,2,0
0920   678,Eleocharis uniglumis,8,9,7,4,3
0920   679,Eleogiton fluitans,8,11,4,2,0
0920   681,Elodea canadensis,7,12,7,6,0
0920   997,Elodea nuttallii,6,12,7,7,1
0920  7006,Elymus caninus,7,6,7,8,0
0920    32,Elytrigia atherica,9,6,7,6,4
0920    28,Elytrigia juncea,9,5,7,6,3
0920    33,Elytrigia repens,7,5,7,7,2
0920   684,Empetrum nigrum,7,6,2,1,0
0920   690,Epilobium alsinifolium,8,9,6,4,0
0920   691,Epilobium anagallidifolium,8,8,6,3,0
0920   699,Epilobium brunnescens,7,8,4,3,0
0920   688,Epilobium ciliatum,7,6,6,6,0
0920   692,Epilobium hirsutum,7,8,7,7,0
0920   694,Epilobium lanceolatum,7,5,6,5,0
0920   695,Epilobium montanum,6,6,6,6,0
0920   696,Epilobium obscurum,6,8,5,5,0
0920   697,Epilobium palustre,7,8,5,3,0
0920   698,Epilobium parviflorum,7,9,7,5,0
0920   700,Epilobium roseum,6,8,7,7,0
0920  7292,Epilobium tetragonum,6,7,5,5,0
0920   702,Epipactis atrorubens,7,4,8,1,0
0920   705,Epipactis helleborine,4,5,7,4,0
0920  5476,Epipactis leptochila,3,4,9,4,0
0920   708,Epipactis palustris,8,8,7,3,0
0920   709,Epipactis phyllanthes,3,5,7,4,0
0920   710,Epipactis purpurata,2,5,8,4,0
0920  2549,Epipactis youngiana,3,4,5,3,0
0920   711,Epipogium aphyllum,2,5,7,4,0
0910   712,Equisetum arvense,7,6,6,6,0
0910   713,Equisetum fluviatile,8,10,6,4,0
0910   714,Equisetum hyemale,5,7,7,6,0
0910   717,Equisetum palustre,7,8,6,3,0
0910   718,Equisetum pratense,7,7,5,4,0
0910   719,Equisetum ramosissimum,8,4,8,5,0
0910   720,Equisetum sylvaticum,5,8,5,5,0
0910   721,Equisetum telmateia,6,8,7,6,0
0910   723,Equisetum variegatum,8,8,8,3,0
0920   724,Eranthis hyemalis,3,5,7,6,0
0920   725,Erica ciliaris,8,7,1,1,0
0920   726,Erica cinerea,7,5,2,2,0
0920   729,Erica erigena,8,8,2,2,0
0920   728,Erica mackaiana,8,8,2,1,0
0920   731,Erica tetralix,8,8,2,1,0
0920   732,Erica vagans,8,6,4,1,0
0920   733,Erigeron acer,8,5,7,3,0
0920   734,Erigeron borealis,9,5,7,2,0
0920   736,Erigeron karvinskianus,8,3,7,2,0
0920   738,Erinus alpinus,8,3,8,2,0
0920   739,Eriocaulon aquaticum,8,11,4,1,0
0920   740,Eriophorum angustifolium,8,9,4,1,0
0920   742,Eriophorum gracile,8,9,4,2,0
0920   743,Eriophorum latifolium,9,9,7,2,0
0920   744,Eriophorum vaginatum,8,8,2,1,0
0920   746,Erodium cicutarium,8,4,6,4,0
0920   745,Erodium cicutarium agg.,8,4,6,4,0
0920   747,Erodium lebelii,8,4,7,2,0
0920   748,Erodium maritimum,9,4,6,6,3
0920   749,Erodium moschatum,7,4,6,5,0
0920  4343,Erophila glabrescens,8,3,7,3,0
0920  4344,Erophila majuscula,8,3,7,3,0
0920  4342,Erophila verna,8,3,6,3,0
0920   753,Erophila verna sens.lat.,8,3,7,3,0
0920   756,Erucastrum gallicum,8,4,7,7,0
0920   757,Eryngium campestre,9,3,8,3,0
0920   758,Eryngium maritimum,9,4,6,5,3
0920   759,Erysimum cheiranthoides,7,5,7,7,0
0920   479,Erysimum cheiri,8,4,8,5,1
0920   762,Euonymus europaeus,5,5,8,5,0
0920   763,Eupatorium cannabinum,7,8,6,7,0
0920   764,Euphorbia amygdaloides,4,5,6,6,0
0920   767,Euphorbia cyparissias,8,3,7,3,0
0920  2998,Euphorbia esula x waldsteinii (E. x pseudovirgata),8,4,8,5,0
0920   771,Euphorbia exigua,6,4,7,5,0
0920   772,Euphorbia helioscopia,7,5,6,6,0
0920   773,Euphorbia hyberna,5,5,5,4,0
0920   774,Euphorbia lathyris,6,5,7,5,0
0920   775,Euphorbia paralias,9,4,7,5,3
0920   776,Euphorbia peplis,9,4,7,5,3
0920   777,Euphorbia peplus,7,4,7,6,0
0920   779,Euphorbia platyphyllos,7,5,7,5,0
0920   780,Euphorbia portlandica,8,3,7,3,3
0920   781,Euphorbia serrulata,5,6,8,5,0
0920   783,Euphrasia anglica,7,5,5,3,0
0920  7310,Euphrasia arctica,7,5,6,4,0
0920   786,Euphrasia cambrica,8,5,5,2,0
0920   787,Euphrasia campbelliae,8,6,4,2,0
0920   788,Euphrasia confusa,8,5,6,2,0
0920   791,Euphrasia foulaensis,8,6,6,4,1
0920   792,Euphrasia frigida,8,6,4,2,0
0920   793,Euphrasia heslop-harrisonii,8,7,6,4,3
0920   795,Euphrasia marshallii,8,5,6,3,1
0920   796,Euphrasia micrantha,7,5,2,2,0
0920   798,Euphrasia nemorosa,7,5,6,4,0
0920  2243,Euphrasia officinalis agg.,8,5,5,3,0
0920   789,Euphrasia ostenfeldii,9,4,5,2,0
0920   801,Euphrasia pseudokerneri,7,4,8,3,0
0920   803,Euphrasia rivularis,7,7,7,3,0
0920  7351,Euphrasia rostkoviana,7,5,5,3,0
0920   805,Euphrasia rotundifolia,8,4,7,2,1
0920   806,Euphrasia salisburgensis,7,5,8,4,0
0920   807,Euphrasia scottica,8,5,5,2,0
0920   799,Euphrasia tetraquetra,8,6,6,3,3
0920   800,Euphrasia vigursii,7,5,4,3,0
0920   808,Exaculum pusillum,9,8,3,2,1
0920   809,Fagopyrum esculentum,8,6,7,7,0
0920   810,Fagus sylvatica,3,5,5,5,0
0920  1527,Fallopia convolvulus,7,4,7,5,0
0920  1529,Fallopia dumetorum,6,5,6,7,0
0920  1528,Fallopia japonica,6,7,6,6,0
0920  1541,Fallopia sachalinensis,6,5,6,7,0
0920   812,Festuca altissima,3,5,4,5,0
0920   819,Festuca arenaria,8,4,5,3,3
0920  7359,Festuca armoricana,8,3,6,3,1
0920   813,Festuca arundinacea,8,6,7,6,1
0920   822.2,Festuca filiformis,8,4,3,2,0
0920   816,Festuca gigantea,5,6,7,7,0
0920  7361,Festuca huonii,8,5,4,3,1
0920  5430,Festuca lemanii,8,4,7,2,0
0920   817,Festuca longifolia,8,3,5,2,0
0920   822,Festuca ovina,7,5,4,2,0
0920   821,Festuca ovina agg.,7,5,4,2,0
0920   823,Festuca pratensis,7,6,6,6,0
0920   815,Festuca pratensis x Lolium perenne (x Festulolium loliaceum),8,6,7,6,1
0920   825,Festuca rubra,8,5,6,5,2
0920   824,Festuca rubra agg.,8,5,6,5,2
0920   826,Festuca vivipara,8,6,3,2,0
0920   829,Filago gallica,9,2,5,2,0
0920   827,Filago lutescens,9,3,4,2,0
0920   831,Filago minima,8,3,4,2,0
0920   832,Filago pyramidata,9,4,7,3,0
0920   830,Filago vulgaris,7,4,6,4,0
0920   833,Filipendula ulmaria,7,8,6,5,0
0920   834,Filipendula vulgaris,7,4,8,2,0
0920   835,Foeniculum vulgare,9,5,8,5,3
0920   838,Fragaria vesca,6,5,6,4,0
0920   836,Fragaria x ananassa,6,5,8,7,0
0920   839,Frangula alnus,6,8,5,5,0
0920   840,Frankenia laevis,9,8,8,5,5
0920   841,Fraxinus excelsior,5,6,7,6,0
0920   842,Fritillaria meleagris,8,8,7,4,0
0920   844,Fuchsia magellanica,6,6,5,5,0
0920   845,Fumaria bastardii,8,4,6,6,0
0920   847,Fumaria capreolata,7,4,6,7,0
0920   849,Fumaria densiflora,8,3,8,5,0
0920   850,Fumaria muralis,7,5,6,6,0
0920   853,Fumaria occidentalis,7,4,6,5,0
0920   854,Fumaria officinalis,6,5,7,6,0
0920   856,Fumaria parviflora,8,4,8,5,0
0920   857,Fumaria purpurea,7,4,6,5,0
0920   848,Fumaria reuteri,8,4,6,5,0
0920   858,Fumaria vaillantii,8,3,8,5,0
0920  2290,Gagea bohemica,9,2,5,2,0
0920   859,Gagea lutea,4,6,7,7,0
0920   860,Galanthus nivalis,5,6,7,7,0
0920   861,Galega officinalis,8,5,7,8,0
0920   863,Galeopsis angustifolia,8,2,8,4,0
0920   864,Galeopsis bifida,7,5,6,6,0
0920   865,Galeopsis segetum,7,4,3,3,0
0920   867,Galeopsis speciosa,7,5,7,7,0
0920   869,Galeopsis tetrahit,7,5,6,6,0
0920   868,Galeopsis tetrahit agg.,7,5,6,6,0
0920   871,Galinsoga parviflora,7,4,6,7,0
0920   870,Galinsoga quadriradiata,7,5,6,6,0
0920   873,Galium aparine,6,6,7,8,0
0920   874,Galium boreale,7,5,7,3,0
0920   876,Galium constrictum,8,9,3,2,0
0920   879,Galium mollugo,7,4,7,4,0
0920   183,Galium odoratum,3,5,7,6,0
0920   882,Galium palustre,7,9,5,4,0
0920   872,Galium parisiense,8,3,7,2,0
0920   883.1,Galium pumilum,7,4,8,3,0
0920   878,Galium saxatile,6,6,3,3,0
0920   885,Galium spurium,7,5,8,5,0
0920   883.2,Galium sterneri,9,4,7,1,0
0920   886,Galium tricornutum,7,4,7,4,0
0920   887,Galium uliginosum,7,9,6,4,0
0920   888,Galium verum,7,4,6,2,0
0920   889,Gastridium ventricosum,9,3,8,2,0
0920  2508,Gaudinia fragilis,8,5,6,6,0
0920   890,Gaultheria shallon,3,4,4,3,0
0920   891,Genista anglica,8,5,3,2,0
0920   892,Genista pilosa,8,5,4,1,0
0920   893,Genista tinctoria,8,6,7,2,0
0920   894,Gentiana nivalis,9,5,7,3,0
0920   895,Gentiana pneumonanthe,8,7,4,1,0
0920   896,Gentiana verna,8,4,8,1,0
0920   897,Gentianella amarella,8,4,8,2,0
0920   899,Gentianella anglica,8,3,8,2,0
0920   901,Gentianella campestris,8,6,6,3,1
0920  2629,Gentianella ciliata,8,3,8,2,0
0920   903,Gentianella germanica,7,4,8,3,0
0920   905,Gentianella uliginosa,8,8,7,2,0
0920   906,Geranium columbinum,7,4,7,7,0
0920   907,Geranium dissectum,7,5,7,6,0
0920   908,Geranium endressii,6,5,7,6,0
0920   909,Geranium lucidum,6,4,7,6,0
0920   911,Geranium molle,7,5,6,5,0
0920   913,Geranium phaeum,6,5,6,5,0
0920   914,Geranium pratense,7,6,7,7,0
0920   915,Geranium purpureum,7,3,6,3,1
0920   916,Geranium pusillum,7,4,7,7,0
0920   917,Geranium pyrenaicum,8,4,7,6,0
0920   918,Geranium robertianum,5,6,6,6,0
0920   919,Geranium rotundifolium,7,4,7,6,0
0920   920,Geranium sanguineum,7,4,7,3,0
0920   921,Geranium sylvaticum,6,5,6,5,0
0920   924,Geum rivale,6,7,6,4,0
0920   925,Geum urbanum,4,6,7,7,0
0920  5470,Gladiolus communis,7,4,5,4,0
0920   926,Gladiolus illyricus,5,4,5,3,0
0920   929,Glaucium flavum,9,5,8,6,3
0920   930,Glaux maritima,8,7,7,5,4
0920   931,Glechoma hederacea,6,6,7,7,0
0920   932,Glyceria declinata,7,9,6,6,0
0920   933,Glyceria fluitans,7,10,6,6,0
0920   935,Glyceria fluitans x notata (G. x pedicellata),7,10,7,6,0
0920   934,Glyceria maxima,7,10,7,8,0
0920   936,Glyceria notata,7,10,6,7,0
0920   937,Gnaphalium luteoalbum,9,7,5,3,0
0920   938,Gnaphalium norvegicum,8,5,4,4,0
0920   939,Gnaphalium supinum,8,7,3,3,0
0920   940,Gnaphalium sylvaticum,7,6,4,3,0
0920   941,Gnaphalium uliginosum,7,6,6,5,0
0920   943,Goodyera repens,5,5,3,2,0
0920   944,Groenlandia densa,8,12,8,5,1
0920   948,Gymnadenia conopsea,7,6,7,3,0
0910  2050,Gymnocarpium dryopteris,4,5,4,4,0
0910  2054,Gymnocarpium robertianum,7,3,8,4,0
0920   951,Hammarbya paludosa,9,9,2,1,0
0920   952,Hedera helix,4,5,7,6,0
0920   953,Helianthemum apenninum,8,1,8,1,0
0920   955,Helianthemum nummularium,7,4,7,2,0
0920   954,Helianthemum oelandicum,8,3,8,1,0
0920   957,Helianthus annuus,7,6,5,7,0
0920   960,Helianthus tuberosus,7,7,8,8,0
0920   961,Helictotrichon pratense,7,4,7,2,0
0920   962,Helictotrichon pubescens,7,4,7,3,0
0920   963,Helleborus foetidus,5,4,8,3,0
0920   964,Helleborus viridis,3,5,8,6,0
0920   966,Heracleum mantegazzianum,7,6,6,8,0
0920   968,Heracleum sphondylium,7,5,7,7,0
0920   969,Herminium monorchis,8,5,8,2,0
0920   971,Herniaria ciliolata,9,4,5,1,2
0920   973,Herniaria glabra,8,5,6,2,0
0920   975,Hesperis matronalis,7,7,7,7,0
0920   977,Hierochloe odorata,6,9,7,2,0
0920   978,Himantoglossum hircinum,7,3,9,2,0
0920   979,Hippocrepis comosa,8,3,8,2,0
0920   980,Hippophae rhamnoides,8,5,7,5,3
0920   981,Hippuris vulgaris,7,10,6,4,1
0920   982,Hirschfeldia incana,8,3,7,5,0
0920   983,Holcus lanatus,7,6,6,5,0
0920   984,Holcus mollis,6,6,3,3,0
0920   987,Homogyne alpina,6,6,4,2,0
0920   988,Honckenya peploides,9,5,7,6,3
0920   989,Hordelymus europaeus,6,4,7,7,0
0920  8281,Hordeum distichon,8,4,7,7,0
0920  4368,Hordeum distichon sens.lat.,8,4,7,7,0
0920   990,Hordeum jubatum,9,6,7,6,2
0920   991,Hordeum marinum,9,6,8,6,4
0920   992,Hordeum murinum,8,4,7,6,0
0920   993,Hordeum secalinum,8,6,7,6,1
0920  8282,Hordeum vulgare,9,4,7,7,0
0920   994,Hornungia petraea,9,2,8,1,0
0920   995,Hottonia palustris,7,11,7,5,0
0920   996,Humulus lupulus,6,7,7,8,0
0910  1217,Huperzia selago,7,6,2,2,0
0920   686,Hyacinthoides hispanica,5,4,6,6,0
0920   687,Hyacinthoides non-scripta,5,5,5,6,0
0920  2291,Hydrilla verticillata,6,12,9,3,0
0920   998,Hydrocharis morsus-ranae,7,11,7,7,0
0920  8517,Hydrocotyle ranunculoides,7,10,7,7,0
0920   999,Hydrocotyle vulgaris,8,8,6,3,1
0910  1000,Hymenophyllum tunbrigense,4,6,2,3,0
0910  1001,Hymenophyllum wilsonii,5,5,3,3,0
0920  1002,Hyoscyamus niger,8,4,7,9,0
0920  1003,Hypericum androsaemum,5,6,6,5,0
0920  1004,Hypericum calycinum,5,7,5,5,0
0920  2265,Hypericum canadense,8,9,2,2,0
0920  1008,Hypericum elodes,8,10,3,2,0
0920  1010,Hypericum hirsutum,6,5,7,5,0
0920  1011,Hypericum humifusum,7,6,4,3,0
0920  1012,Hypericum linariifolium,7,3,3,2,0
0920  1006,Hypericum maculatum,6,6,5,5,0
0920  1013,Hypericum montanum,7,4,8,2,0
0920  1014,Hypericum perforatum,7,4,7,5,0
0920  1015,Hypericum pulchrum,6,5,4,3,0
0920  1016,Hypericum tetrapterum,7,8,6,4,0
0920  1017,Hypericum undulatum,8,8,4,2,0
0920  1018,Hypochaeris glabra,8,4,4,2,0
0920  1019,Hypochaeris maculata,8,4,8,3,0
0920  1020,Hypochaeris radicata,8,4,5,3,0
0920  1022,Iberis amara,7,4,8,3,0
0920  1023,Ilex aquifolium,5,5,5,5,0
0920  1024,Illecebrum verticillatum,8,7,3,2,0
0920  1025,Impatiens capensis,7,9,7,6,0
0920  1026,Impatiens glandulifera,6,8,7,7,0
0920  1027,Impatiens noli-tangere,4,7,7,6,0
0920  1028,Impatiens parviflora,4,5,7,8,0
0920  1030,Inula conyzae,7,3,8,3,0
0920  1031,Inula crithmoides,9,6,7,5,5
0920  1033,Inula helenium,6,6,6,5,0
0920  1034,Inula salicina,8,6,9,3,0
0920  1036,Iris foetidissima,5,4,8,5,0
0920  1037,Iris germanica,8,4,6,4,0
0920  1038,Iris pseudacorus,7,9,6,6,1
0920  1041,Isatis tinctoria,8,3,8,3,0
0910  1043,Isoetes echinospora,7,12,5,2,0
0910  1044,Isoetes histrix,8,7,5,1,0
0910  1045,Isoetes lacustris,7,12,4,1,0
0920  1046,Isolepis cernua,8,8,5,3,0
0920  1047,Isolepis setacea,7,9,5,3,0
0920  1048,Jasione montana,7,4,4,2,0
0920  1049,Juglans regia,6,4,8,7,0
0920  1050,Juncus acutiflorus,8,8,4,2,0
0920  1052,Juncus acutus,9,8,7,3,3
0920  1053,Juncus alpinoarticulatus,9,9,7,2,0
0920  1057.1,Juncus ambiguus,9,8,7,5,4
0920  1054,Juncus articulatus,8,9,6,3,1
0920  1055,Juncus balticus,8,8,5,2,1
0920  1056,Juncus biglumis,9,9,8,2,0
0920  1057.2,Juncus bufonius,7,7,6,5,1
0920  1057,Juncus bufonius sens.lat.,7,7,6,5,1
0920  1058,Juncus bulbosus,7,10,4,2,0
0920  1060,Juncus capitatus,8,6,5,1,0
0920  1061,Juncus castaneus,8,8,7,3,0
0920  1062,Juncus compressus,8,8,7,5,1
0920  1063,Juncus conglomeratus,7,7,4,3,0
0920  1067,Juncus effusus,7,7,4,4,0
0920  1068,Juncus filiformis,7,9,6,4,0
0920  1057.3,Juncus foliosus,8,8,6,6,0
0920  1069,Juncus gerardii,8,7,7,6,3
0920  1070,Juncus inflexus,7,7,7,5,1
0920  1072,Juncus maritimus,8,8,8,5,5
0920  1073,Juncus pygmaeus,9,7,4,2,0
0920  1075,Juncus squarrosus,7,7,2,2,0
0920  1076,Juncus subnodulosus,8,9,8,4,0
0920  1077,Juncus tenuis,7,7,5,4,0
0920  1078,Juncus trifidus,8,5,2,2,0
0920  1079,Juncus triglumis,8,9,6,2,0
0920  1080,Juniperus communis,8,5,5,3,0
0920  1082,Kickxia elatine,7,4,6,5,0
0920  1083,Kickxia spuria,7,4,7,5,0
0920  1084,Knautia arvensis,7,3,8,4,0
0920  1085,Kobresia simpliciuscula,8,8,8,1,0
0920  1087,Koeleria macrantha,8,4,7,2,0
0920  1088,Koeleria vallesiana,8,1,8,1,0
0920  1089,Koenigia islandica,8,9,6,1,0
0920  1091,Laburnum anagyroides,6,5,7,7,0
0920  1092,Lactuca saligna,8,4,7,6,3
0920  1094,Lactuca serriola,8,5,7,6,0
0920  1095,Lactuca virosa,8,4,7,7,0
0920  1096,Lagarosiphon major,6,12,7,6,0
0920   862,Lamiastrum galeobdolon,4,5,7,6,0
0920  1098,Lamium album,7,5,7,8,0
0920  1099,Lamium amplexicaule,7,4,7,6,0
0920  1102,Lamium confertum,7,5,7,7,0
0920  1100,Lamium hybridum,7,5,7,6,0
0920  1101,Lamium maculatum,5,6,7,8,0
0920  1103,Lamium purpureum,6,5,7,7,0
0920  1104,Lapsana communis,6,4,7,7,0
0920  1105,Larix decidua,7,4,6,3,0
0920  2303,Larix decidua x kaempferi (L. x marschlinsii),7,6,5,3,0
0920  2302,Larix kaempferi,7,6,5,3,0
0920  1107,Lathraea squamaria,3,6,7,6,0
0920  1108,Lathyrus aphaca,7,3,8,4,0
0920  1110,Lathyrus japonicus,9,5,7,6,3
0920  1111,Lathyrus latifolius,7,4,8,3,0
0920  1112,Lathyrus linifolius,6,5,4,3,0
0920  1114,Lathyrus nissolia,8,6,7,6,0
0920  1115,Lathyrus palustris,7,9,7,4,0
0920  1116,Lathyrus pratensis,7,6,6,5,0
0920  1117,Lathyrus sylvestris,7,4,8,2,0
0920  1118,Lathyrus tuberosus,6,5,7,6,0
0920  2427,Laurus nobilis,6,5,7,6,0
0920  1119,Lavatera arborea,9,6,7,8,3
0920  1120,Lavatera cretica,9,4,5,5,0
0920  1123,Leersia oryzoides,8,9,8,7,0
0920  1124,Legousia hybrida,7,4,7,4,0
0920  1125,Lemna gibba,7,11,7,8,1
0920  1126,Lemna minor,7,11,7,6,0
0920  2300,Lemna minuta,7,11,7,7,0
0920  1128,Lemna trisulca,7,12,7,5,0
0920  1129,Leontodon autumnalis,8,6,6,4,1
0920  1130,Leontodon hispidus,8,4,7,3,0
0920  1131,Leontodon saxatilis,8,5,6,3,0
0920  1133,Lepidium campestre,7,4,7,6,0
0920   333,Lepidium draba,8,4,8,6,1
0920  1139,Lepidium heterophyllum,7,4,5,4,0
0920  1135,Lepidium latifolium,8,5,7,8,3
0920  1137,Lepidium ruderale,9,4,7,7,0
0920  2621,Leucanthemum lacustre x maximum (L. x superbum),7,4,7,5,0
0920   502,Leucanthemum vulgare,8,4,7,4,0
0920  1140,Leucojum aestivum,7,9,7,8,0
0920  1141,Leucojum vernum,6,6,7,6,0
0920  1142,Leycesteria formosa,6,5,7,6,0
0920   682,Leymus arenarius,9,5,7,6,3
0920  1143,Ligusticum scoticum,8,6,7,5,3
0920  2250,Ligustrum ovalifolium,7,5,7,8,0
0920  1144,Ligustrum vulgare,6,5,7,5,0
0920  1145,Lilium martagon,3,4,7,6,0
0920  1150,Limonium auriculae-ursifolium,9,4,6,3,4
0920  1147,Limonium bellidifolium,9,8,8,5,5
0920  2532,Limonium binervosum,9,8,8,5,5
0920  1148,Limonium binervosum agg.,9,4,7,3,4
0920  2533,Limonium britannicum,9,4,7,5,4
0920  2534,Limonium dodartiforme,9,3,7,3,4
0920  1149,Limonium humile,9,8,7,5,6
0920  2535,Limonium loganicum,9,3,4,3,4
0920  2562,Limonium normannicum,9,5,6,3,4
0920  1151,Limonium paradoxum,9,4,7,3,4
0920  2536,Limonium parvum,9,3,8,3,4
0920  2537,Limonium procerum,9,3,8,3,5
0920  1152,Limonium recurvum,9,3,7,3,5
0920  1153,Limonium transwallianum,9,3,8,3,4
0920  1154,Limonium vulgare,9,8,8,6,6
0920  1155,Limosella aquatica,8,8,5,5,0
0920  1157,Limosella australis,7,9,7,4,1
0920  1159,Linaria pelisseriana,8,3,5,4,0
0920  1160,Linaria purpurea,8,5,7,6,0
0920  1161,Linaria repens,8,5,7,5,0
0920  1164,Linaria vulgaris,7,4,8,6,0
0920  1165,Linnaea borealis,5,5,2,2,0
0920  1168,Linum bienne,8,4,7,5,0
0920  1169,Linum catharticum,8,5,7,2,0
0920  1167,Linum perenne,7,3,8,2,0
0920  1170,Linum usitatissimum,7,4,7,5,0
0920  1171,Liparis loeselii,8,8,8,3,0
0920  1172,Listera cordata,3,6,2,2,0
0920  1173,Listera ovata,6,5,7,5,0
0920   278,Lithospermum arvense,8,4,7,5,0
0920  1174,Lithospermum officinale,6,5,8,5,0
0920   279,Lithospermum purpureocaeruleum,5,4,7,4,0
0920  1175,Littorella uniflora,8,10,5,3,0
0920  1176,Lloydia serotina,7,5,5,1,0
0920  1177,Lobelia dortmanna,8,12,5,1,0
0920  1178,Lobelia urens,8,8,4,2,0
0920  1179,Lobularia maritima,9,3,7,4,3
0920  1180,Loiseleuria procumbens,9,5,2,2,0
0920  1182,Lolium multiflorum,7,5,7,7,0
0920  1183,Lolium perenne,8,5,6,6,0
0920  1185,Lolium temulentum,7,4,8,7,0
0920  1188,Lonicera periclymenum,5,6,5,5,0
0920  1189,Lonicera xylosteum,5,5,7,6,0
0920  1190,Lotus angustissimus,8,3,4,3,0
0920  1191,Lotus corniculatus,7,4,6,2,1
0920  1193,Lotus glaber,7,7,7,5,1
0920  1194,Lotus pedunculatus,7,8,6,4,0
0920  1192,Lotus subbiflorus,7,5,6,5,0
0920  1042,Ludwigia palustris,8,9,4,4,0
0920  1196,Lupinus arboreus,9,4,7,3,0
0920  2428,Lupinus polyphyllus,7,5,5,5,0
0920  1198,Luronium natans,8,11,5,3,0
0920  1199,Luzula arcuata,9,5,2,2,0
0920  1201,Luzula campestris,7,4,5,2,0
0920  1202,Luzula forsteri,4,4,5,2,0
0920  1204,Luzula multiflora,7,6,3,3,0
0920  1206,Luzula pallidula,7,7,5,2,0
0920  1207,Luzula pilosa,5,5,5,3,0
0920  1208,Luzula spicata,8,5,3,2,0
0920  1209,Luzula sylvatica,5,5,4,4,0
0920  2221,Lychnis alpina,8,3,4,2,0
0920  1210,Lychnis flos-cuculi,7,9,6,4,0
0920  2222,Lychnis viscaria,8,3,4,2,0
0920  5051,Lycium,8,5,7,4,0
0920  1212,Lycium barbarum,8,5,7,4,0
0920  1211,Lycium chinense,8,5,7,4,1
0920  4359,Lycopersicon esculentum,7,5,7,8,0
0910  1216,Lycopodiella inundata,9,9,2,1,0
0910  1214,Lycopodium annotinum,6,6,3,3,0
0910  1215,Lycopodium clavatum,7,5,1,2,0
0920  1219,Lycopus europaeus,7,8,7,6,0
0920  2619,Lysichiton americanus,4,9,6,8,0
0920  1221,Lysimachia nemorum,5,7,4,5,0
0920  1222,Lysimachia nummularia,5,7,5,5,0
0920  1223,Lysimachia punctata,6,6,7,5,0
0920  1350,Lysimachia thyrsiflora,8,10,4,3,0
0920  1225,Lysimachia vulgaris,7,9,7,5,0
0920  1226,Lythrum hyssopifolium,8,6,6,4,0
0920  1444,Lythrum portula,8,9,5,3,0
0920  1227,Lythrum salicaria,7,9,7,5,0
0920  1228,Mahonia aquifolium,5,4,6,5,0
0920  1229,Maianthemum bifolium,3,5,3,3,0
0920  1230.1,Malus domestica,7,5,6,7,0
0920  1230,Malus sylvestris sens.lat.,7,5,6,6,0
0920  1230.2,Malus sylvestris sens.str.,7,5,6,6,0
0920  1232,Malva moschata,7,3,7,4,0
0920  1233,Malva neglecta,7,4,8,7,0
0920  1235,Malva pusilla,8,5,5,5,0
0920  1236,Malva sylvestris,8,4,8,7,0
0920  1238,Marrubium vulgare,9,5,7,8,0
0920  1242,Matricaria discoidea,7,5,7,7,0
0920  1239,Matricaria recutita,7,5,7,7,0
0910  2504,Matteuccia struthiopteris,5,8,7,7,0
0920  1244,Matthiola incana,9,3,8,2,3
0920  1245,Matthiola sinuata,9,3,7,2,1
0920  1246,Meconopsis cambrica,4,5,7,5,0
0920  1247,Medicago arabica,7,5,6,5,0
0920  1250,Medicago lupulina,7,4,8,4,0
0920  1251,Medicago minima,9,3,7,2,0
0920  1249,Medicago polymorpha,9,4,5,5,0
0920  7129,Medicago sativa,7,4,6,5,0
0920  1248,Medicago sativa subsp.falcata,8,3,7,3,0
0920  1252,Medicago sativa subsp.sativa,7,4,6,5,0
0920  1254,Melampyrum arvense,7,4,8,3,0
0920  1255,Melampyrum cristatum,6,3,8,2,0
0920  1256,Melampyrum pratense,5,5,2,3,0
0920  1257,Melampyrum sylvaticum,4,5,2,2,0
0920  1262,Melica nutans,4,5,7,3,0
0920  1263,Melica uniflora,4,5,7,5,0
0920  1264,Melilotus albus,9,3,7,4,0
0920  1265,Melilotus altissimus,8,6,7,7,0
0920  1266,Melilotus indicus,9,5,7,7,2
0920  1267,Melilotus officinalis,8,5,7,5,0
0920  1268,Melissa officinalis,6,5,7,6,0
0920  1269,Melittis melissophyllum,5,4,7,5,0
0920  1272,Mentha aquatica,7,8,7,5,0
0920  1273,Mentha arvensis,6,7,7,6,0
0920  1280,Mentha pulegium,8,7,5,7,0
0920  1285,Mentha spicata,7,8,7,7,0
0920  1282,Mentha suaveolens,7,8,6,6,0
0920  1289,Menyanthes trifoliata,8,10,4,3,0
0920  1290,Mercurialis annua,7,5,7,7,0
0920  1291,Mercurialis perennis,3,6,7,7,0
0920  1292,Mertensia maritima,8,5,7,7,3
0920  1293,Mespilus germanica,6,4,6,6,0
0920  1294,Meum athamanticum,8,5,4,3,0
0920  1295,Mibora minima,9,3,7,1,0
0920  1296,Milium effusum,4,5,6,5,0
0920  1297,Milium vernale,9,3,6,2,0
0920  1298,Mimulus,7,9,6,5,0
0920  4328,Mimulus guttatus,7,9,6,6,0
0920  4331,Mimulus guttatus x luteus (M. x robertsii),7,8,7,5,0
0920  1299,Mimulus luteus,7,9,5,5,0
0920  1300,Mimulus moschatus,7,8,5,5,0
0920  1303,Minuartia hybrida,9,3,8,3,0
0920  2270,Minuartia recurva,8,4,3,1,0
0920  1301,Minuartia rubella,8,4,7,1,0
0920   501,Minuartia sedoides,8,5,4,2,0
0920  1302,Minuartia stricta,9,9,8,2,0
0920  1304,Minuartia verna,8,4,7,1,0
0920   128,Misopates orontium,7,5,6,6,0
0920  1305,Moehringia trinervia,4,5,7,6,0
0920  1306,Moenchia erecta,9,4,4,3,0
0920  1307,Molinia caerulea,7,8,3,2,0
0920  1308,Moneses uniflora,4,5,4,1,0
0920  1310,Monotropa hypopitys,4,5,6,2,0
0920  1312,Montia fontana,7,9,5,3,0
0920  1313,Muscari neglectum,7,3,7,5,0
0920  1315,Mycelis muralis,4,5,7,5,0
0920  1316,Myosotis alpestris,8,4,8,2,0
0920  1317,Myosotis arvensis,7,5,6,6,0
0920  1321,Myosotis discolor,7,5,5,3,0
0920  1319,Myosotis laxa,7,9,6,5,0
0920  1320,Myosotis ramosissima,8,3,6,3,0
0920  1322,Myosotis scorpioides,7,9,6,6,0
0920  1323,Myosotis secunda,6,9,5,4,0
0920  1324,Myosotis sicula,8,7,6,3,0
0920  1318,Myosotis stolonifera,8,9,5,4,0
0920  1325,Myosotis sylvatica,6,5,7,5,0
0920  1326,Myosoton aquaticum,7,8,7,8,0
0920  1327,Myosurus minimus,8,7,6,5,0
0920  1328,Myrica gale,8,9,3,2,0
0920  1330,Myriophyllum alterniflorum,7,12,5,3,0
0920  4433,Myriophyllum aquaticum,7,12,5,3,0
0920  1331,Myriophyllum spicatum,7,12,7,7,0
0920  1332,Myriophyllum verticillatum,7,12,7,7,0
0920  1333,Myrrhis odorata,7,6,7,7,0
0920  1334,Najas flexilis,6,12,7,4,1
0920  1336,Najas marina,5,12,9,6,0
0920  5478,Narcissus pseudonarcissus,7,5,6,5,0
0920  1344,Nardus stricta,7,7,3,2,0
0920  1345,Narthecium ossifragum,8,9,2,1,0
0920  1351,Neotinea maculata,8,4,8,2,0
0920  1352,Neottia nidus-avis,2,4,7,5,0
0920  1353,Nepeta cataria,7,4,7,6,0
0920  1356,Nuphar lutea,7,11,7,6,1
0920  1357,Nuphar pumila,7,11,6,4,0
0920  1358,Nymphaea alba,7,11,6,4,0
0920  1360,Nymphoides peltata,8,11,7,6,0
0920  1361,Odontites vernus,7,5,6,5,0
0920  1362,Oenanthe aquatica,7,10,7,6,0
0920  1363,Oenanthe crocata,7,9,6,7,1
0920  1364,Oenanthe fistulosa,7,9,7,6,0
0920  1365,Oenanthe fluviatilis,8,10,8,6,0
0920  1366,Oenanthe lachenalii,8,8,8,5,3
0920  1367,Oenanthe pimpinelloides,7,7,6,3,0
0920  1368,Oenanthe silaifolia,8,9,7,5,0
0920  4444,Oenothera,9,4,6,4,0
0920  1370,Oenothera biennis,9,4,6,4,0
0920  2369,Oenothera biennis x glazoviana (O. x fallax),8,3,6,5,0
0920  2368,Oenothera cambrica,9,4,6,3,0
0920  1371,Oenothera glazioviana,9,4,6,5,0
0920  1375,Onobrychis viciifolia,7,4,8,3,0
0920  1376,Ononis reclinata,9,2,8,2,1
0920  1377,Ononis repens,8,4,6,3,0
0920  1378,Ononis spinosa,8,4,8,3,0
0920  1379,Onopordum acanthium,8,4,6,7,0
0910  1381.1,Ophioglossum azoricum,8,6,5,2,1
0910  1380,Ophioglossum lusitanicum,8,6,5,2,0
0910  1381.2,Ophioglossum vulgatum,8,7,7,3,0
0910  1381,Ophioglossum vulgatum sens.lat.,8,7,7,3,0
0920  1382,Ophrys apifera,8,4,8,3,0
0920  1383,Ophrys fuciflora,8,4,9,2,0
0920  1384,Ophrys insectifera,8,5,9,2,0
0920  1385,Ophrys sphegodes,8,4,9,3,0
0920  1386,Orchis laxiflora,9,9,8,2,1
0920  1387,Orchis mascula,6,5,7,4,0
0920  1388,Orchis militaris,7,3,9,2,0
0920  1389,Orchis morio,8,4,7,3,0
0920  1390,Orchis purpurea,5,4,8,3,0
0920  1391,Orchis simia,8,3,8,2,0
0920  1392,Orchis ustulata,8,4,8,2,0
0910  2051,Oreopteris limbosperma,6,6,4,3,0
0920  1393,Origanum vulgare,6,4,7,4,0
0920  1396,Ornithogalum angustifolium,8,3,6,4,0
0920  1395,Ornithogalum pyrenaicum,5,5,7,5,0
0920  1397,Ornithopus perpusillus,7,4,4,3,0
0920  1398,Ornithopus pinnatus,8,3,3,2,0
0920  1399,Orobanche alba,8,3,7,2,0
0920  1405,Orobanche artemisiae-campestris,8,4,8,5,0
0920  1400,Orobanche caryophyllacea,8,3,9,2,0
0920  1401,Orobanche elatior,8,3,8,3,0
0920  1402,Orobanche hederae,4,5,6,5,0
0920  1404,Orobanche minor,7,4,8,6,0
0920  1406,Orobanche purpurea,7,4,7,2,0
0920  1408,Orobanche rapum-genistae,7,5,3,2,0
0920  1409,Orobanche reticulata,7,6,7,6,0
0920  1410,Orthilia secunda,5,5,5,3,0
0910  1411,Osmunda regalis,6,9,5,4,0
0920  1412,Otanthus maritimus,9,2,5,2,3
0920  1413,Oxalis acetosella,4,6,4,4,0
0920  1415,Oxalis articulata,7,3,4,2,0
0920  1414,Oxalis corniculata,7,4,6,5,0
0920  2519,Oxalis debilis,7,4,6,8,0
0920  1414.3,Oxalis exilis,7,4,6,4,0
0920  2518,Oxalis incarnata,6,5,6,5,0
0920  2520,Oxalis latifolia,6,5,6,5,0
0920  2523,Oxalis pes-caprae,7,4,6,5,0
0920  1416,Oxalis stricta,6,5,6,5,0
0920  1420,Oxyria digyna,7,6,5,3,0
0920  1421,Oxytropis campestris,9,4,8,2,0
0920  1422,Oxytropis halleri,9,3,8,2,0
0920  4435,Panicum miliaceum,9,3,7,6,0
0920  1424,Papaver argemone,7,4,6,5,0
0920  7046,Papaver dubium,7,5,6,5,0
0920  1427,Papaver hybridum,7,4,8,4,0
0920  1430,Papaver rhoeas,7,5,7,6,0
0920  1431,Papaver somniferum,7,4,7,8,0
0920  1432,Parapholis incurva,9,6,7,4,4
0920  1433,Parapholis strigosa,8,6,7,6,5
0920  1434,Parentucellia viscosa,7,7,7,5,0
0920  1435,Parietaria judaica,7,4,8,5,1
0920  1436,Paris quadrifolia,3,6,7,6,0
0920  1437,Parnassia palustris,8,8,7,3,0
0920  1440,Pastinaca sativa,7,4,7,5,0
0920  1441,Pedicularis palustris,8,8,5,2,0
0920  1442,Pedicularis sylvatica,8,8,3,2,0
0920  1443,Pentaglottis sempervirens,6,5,6,7,0
0920  1521,Persicaria amphibia,7,10,6,6,0
0920  1525,Persicaria bistorta,6,7,6,6,0
0920  1530,Persicaria hydropiper,7,7,6,6,0
0920  1531,Persicaria lapathifolia,7,6,7,7,0
0920  1537,Persicaria maculosa,7,6,6,7,0
0920  1534,Persicaria minor,7,8,5,8,0
0920  1535,Persicaria mitis,7,8,6,9,0
0920  1543,Persicaria vivipara,8,6,6,2,0
0920  1538,Persicaria wallichii,8,4,5,6,0
0920  1445,Petasites albus,5,5,5,7,0
0920  1446,Petasites fragrans,5,5,6,6,0
0920  1447,Petasites hybridus,6,7,7,7,0
0920  1090.1,Petrorhagia nanteuilii,9,2,6,1,3
0920  1090.2,Petrorhagia prolifera,8,3,5,2,0
0920  1090,Petrorhagia prolifera sens.lat.,8,3,6,2,1
0920  1449,Petroselinum crispum,8,4,7,5,1
0920  1450,Petroselinum segetum,8,5,8,6,0
0920  1451,Peucedanum officinale,7,5,8,4,0
0920  1452,Peucedanum ostruthium,6,5,7,7,0
0920  1453,Peucedanum palustre,7,9,7,5,0
0920  1454,Phalaris arundinacea,7,9,7,7,1
0920  1455,Phalaris canariensis,8,4,7,6,0
0920  1456,Phalaris minor,8,5,6,5,0
0910  2053,Phegopteris connectilis,4,6,4,4,0
0920  1460,Phleum alpinum,8,5,6,4,0
0920  1459,Phleum arenarium,9,3,5,3,1
0920  1461,Phleum bertolonii,8,4,7,4,0
0920  1462,Phleum phleoides,8,3,8,2,0
0920  1463,Phleum pratense,8,5,7,6,0
0920  2247,Phleum pratense sens.lat.,8,5,7,6,0
0920  1465,Phragmites australis,7,10,7,6,2
0910  1466,Phyllitis scolopendrium,4,5,7,5,0
0920  1467,Phyllodoce caerulea,7,4,3,2,0
0920   616,Physospermum cornubiense,6,5,4,4,0
0920  1469,Phyteuma orbiculare,7,4,8,3,0
0920  1468,Phyteuma spicatum,5,5,6,5,0
0920  1470,Picea abies,7,6,3,4,0
0920  2401,Picea sitchensis,7,7,2,2,0
0920  1471,Picris echioides,7,5,7,6,0
0920  1472,Picris hieracioides,8,4,8,3,0
0920  4516,Pilosella aurantiaca,8,4,6,2,0
0920  3083,Pilosella flagellaris,8,4,7,4,0
0920  3083.2,Pilosella flagellaris subsp.bicapitata,8,5,6,3,0
0920  3083.1,Pilosella flagellaris subsp.flagellaris,8,4,7,4,0
0920   976,Pilosella officinarum,8,4,7,2,0
0920  3144,Pilosella peleteriana,8,3,8,2,0
0910  1474,Pilularia globulifera,8,10,4,2,0
0920  1475,Pimpinella major,7,5,7,6,0
0920  1476,Pimpinella saxifraga,7,4,7,3,0
0920  1477,Pinguicula alpina,9,8,8,2,0
0920  1478,Pinguicula grandiflora,7,8,4,2,0
0920  1480,Pinguicula lusitanica,8,8,4,2,0
0920  1481,Pinguicula vulgaris,8,8,6,2,0
0920  2402,Pinus contorta,7,5,5,2,0
0920  1482,Pinus nigra,7,3,5,2,0
0920  1484,Pinus sylvestris,7,6,2,2,0
0920  4365,Pisum sativum,7,4,7,7,0
0920  1485,Plantago coronopus,8,6,6,4,2
0920  1487,Plantago lanceolata,7,5,6,4,0
0920  1488,Plantago major,7,5,6,7,0
0920  1489,Plantago maritima,8,7,6,4,3
0920  1490,Plantago media,8,4,7,3,0
0920  1492,Platanthera bifolia,6,6,6,2,0
0920  1493,Platanthera chlorantha,5,5,7,4,0
0920  1494,Poa alpina,7,5,7,3,0
0920  1506.2,Poa angustifolia,7,5,7,5,0
0920  1495,Poa annua,7,5,6,7,1
0920  1497,Poa bulbosa,8,3,5,2,0
0920  1498,Poa chaixii,5,5,6,5,0
0920  1499,Poa compressa,9,4,7,4,0
0920  1500,Poa flexuosa,8,5,3,2,0
0920  1501,Poa glauca,7,5,6,3,0
0920  1506.5,Poa humilis,8,6,6,4,2
0920  1502,Poa infirma,8,4,5,5,0
0920  1504,Poa nemoralis,4,5,6,5,0
0920  1505,Poa palustris,7,9,7,6,0
0920  1506,Poa pratensis sens.lat.,7,5,6,5,1
0920  1506.4,Poa pratensis sens.str.,7,5,6,5,0
0920  1507,Poa trivialis,7,6,6,6,0
0920  1508,Polemonium caeruleum,5,5,7,6,0
0920  1509,Polycarpon tetraphyllum,9,4,6,4,0
0920  1510,Polygala amarella,9,6,9,1,0
0920  1512,Polygala calcarea,7,3,8,2,0
0920  1514,Polygala serpyllifolia,8,7,2,2,0
0920  1515,Polygala vulgaris,8,5,6,3,0
0920  1516,Polygonatum multiflorum,4,5,7,6,0
0920  1518,Polygonatum odoratum,5,3,7,3,0
0920  1519,Polygonatum verticillatum,4,5,5,5,0
0920  1520,Polygonum arenastrum,7,5,7,6,0
0920  1523,Polygonum aviculare,7,5,6,7,0
0920  1522,Polygonum aviculare agg.,7,5,7,6,0
0920  2269,Polygonum boreale,7,5,6,6,0
0920  1533,Polygonum maritimum,9,3,5,4,3
0920  1539,Polygonum oxyspermum,9,6,7,8,3
0920  1540,Polygonum rurivagum,8,4,8,5,0
0910  1544.1,Polypodium cambricum,6,5,7,3,0
0910  1544.3,Polypodium interjectum,5,5,5,3,0
0910  1544.2,Polypodium vulgare,5,5,4,3,0
0910  1544,Polypodium vulgare sens.lat.,5,5,5,3,0
0920  1545,Polypogon monspeliensis,8,8,7,6,3
0910  1546,Polystichum aculeatum,5,5,7,5,0
0910  1547,Polystichum lonchitis,6,5,7,3,0
0910  1548,Polystichum setiferum,4,5,5,6,0
0920  1549,Populus alba,6,6,7,6,0
0920  1551,Populus alba x tremula (P. x canescens),6,6,6,5,0
0920  4313,Populus nigra sens.lat.,6,8,7,7,0
0920  1555,Populus tremula,6,5,5,6,0
0920  1557,Potamogeton acutifolius,7,12,7,6,0
0920  1558,Potamogeton alpinus,7,12,6,5,1
0920  1559,Potamogeton berchtoldii,7,12,6,5,0
0920  1561,Potamogeton coloratus,7,11,8,5,0
0920  1562,Potamogeton compressus,7,12,7,4,0
0920  1563,Potamogeton crispus,7,12,7,6,1
0920  1565,Potamogeton epihydrus,8,12,5,1,0
0920  1566,Potamogeton filiformis,7,12,7,5,1
0920  1567,Potamogeton friesii,7,12,7,5,0
0920  1568,Potamogeton gramineus,7,12,6,3,0
0920  1582,Potamogeton gramineus x lucens (P. x zizii),7,12,6,4,0
0920  1571,Potamogeton gramineus x perfoliatus (P. x nitens),7,12,6,5,1
0920  1569,Potamogeton lucens,7,12,6,6,0
0920  1570,Potamogeton natans,7,11,6,4,0
0920  1572,Potamogeton nodosus,6,12,8,5,0
0920  1573,Potamogeton obtusifolius,7,12,6,5,0
0920  1574,Potamogeton pectinatus,6,12,7,7,2
0920  1575,Potamogeton perfoliatus,7,12,6,5,1
0920  1576,Potamogeton polygonifolius,8,10,4,2,0
0920  1577,Potamogeton praelongus,7,12,7,5,1
0920  1578,Potamogeton pusillus,7,12,7,6,1
0920  1579,Potamogeton rutilus,7,12,7,5,0
0920  1581,Potamogeton trichoides,6,12,7,6,0
0920  1583,Potentilla anglica,7,5,5,5,0
0920  1584,Potentilla anserina,8,7,7,6,2
0920  1585,Potentilla argentea,8,3,5,2,0
0920  1587,Potentilla crantzii,8,5,8,2,0
0920  1588,Potentilla erecta,7,7,3,2,0
0920  1589,Potentilla fruticosa,8,6,8,2,0
0920  1597,Potentilla neumanniana,7,3,8,1,0
0920  1592,Potentilla palustris,8,9,5,3,0
0920  1594,Potentilla reptans,7,5,7,5,0
0920  1595,Potentilla rupestris,7,4,6,2,0
0920  1596,Potentilla sterilis,5,5,5,5,0
0920  1600,Primula elatior,4,5,7,6,0
0920  1603,Primula farinosa,9,8,9,2,0
0920  1604,Primula scotica,9,4,7,2,1
0920  1605,Primula veris,7,4,7,3,0
0920  1607,Primula vulgaris,5,5,6,4,0
0920  1610,Prunella vulgaris,7,5,6,4,0
0920  1611,Prunus avium,4,5,6,6,0
0920  1612,Prunus cerasifera,6,5,7,6,0
0920  1613,Prunus cerasus,6,5,6,5,0
0920  1614,Prunus domestica,7,5,7,6,0
0920  1615,Prunus laurocerasus,4,6,5,6,0
0920  2618,Prunus lusitanica,6,5,7,6,0
0920  1616,Prunus padus,5,6,6,7,0
0920  1617,Prunus spinosa,6,5,7,6,1
0920   556,Pseudofumaria lutea,6,6,8,5,0
0920   947,Pseudorchis albida,8,5,6,2,0
0920  1618,Pseudotsuga menziesii,6,6,4,4,0
0910  1619,Pteridium aquilinum,6,5,3,3,0
0920  1620,Puccinellia distans,8,8,7,7,4
0920  1621,Puccinellia fasciculata,8,7,7,7,4
0920  1622,Puccinellia maritima,9,8,7,6,5
0920  1624,Puccinellia rupestris,9,7,7,5,5
0920  1625,Pulicaria dysenterica,7,7,7,4,0
0920  1626,Pulicaria vulgaris,9,8,6,7,0
0920  1627,Pulmonaria longifolia,6,4,6,5,0
0920  5437,Pulmonaria obscura,4,6,8,7,0
0920  1628,Pulmonaria officinalis,5,5,8,6,0
0920   106,Pulsatilla vulgaris,7,3,8,3,0
0920  1630,Pyrola media,5,4,5,2,0
0920  1631,Pyrola minor,5,5,4,2,0
0920  5438,Pyrola rotundifolia,6,7,7,3,0
0920  1633,Pyrus communis sens.lat.,7,5,6,7,0
0920  5479,Pyrus communis sens.str.,7,5,6,7,0
0920  1634,Pyrus cordata,6,5,5,4,0
0920  1635,Quercus cerris,6,4,6,6,0
0920  1637,Quercus ilex,6,3,7,4,1
0920  1638,Quercus petraea,6,6,3,4,0
0920  1640,Quercus robur,7,5,5,4,0
0920  1641,Radiola linoides,8,7,4,2,1
0920  1642,Ranunculus acris,7,6,6,4,0
0920  1643.1,Ranunculus aquatilis,7,11,7,5,0
0920  1643,Ranunculus aquatilis sens.lat.,7,11,7,5,0
0920  1644,Ranunculus arvensis,7,5,7,6,0
0920  1645,Ranunculus auricomus,6,7,6,5,0
0920  1646,Ranunculus baudotii,7,11,7,6,4
0920  1647,Ranunculus bulbosus,7,4,7,4,0
0920  1648,Ranunculus circinatus,7,12,7,7,0
0920  1649,Ranunculus ficaria,6,6,6,6,0
0920  1651,Ranunculus flammula,7,9,5,3,0
0920  1652,Ranunculus fluitans,7,12,7,6,0
0920  1653,Ranunculus hederaceus,7,10,5,5,0
0920  1655,Ranunculus lingua,7,10,6,7,0
0920  1657,Ranunculus muricatus,7,4,5,5,0
0920  1654,Ranunculus omiophyllus,7,10,5,4,0
0920  1658,Ranunculus ophioglossifolius,7,8,7,5,0
0920  1650,Ranunculus paludosus,8,7,6,3,0
0920  1659,Ranunculus parviflorus,7,5,6,5,0
0920  1643.2,Ranunculus peltatus,7,11,5,6,0
0920  1643.3,Ranunculus penicillatus,7,12,8,5,0
0920  1660,Ranunculus repens,6,7,6,7,0
0920  1661,Ranunculus reptans,8,9,6,2,0
0920  1662,Ranunculus sardous,8,7,6,7,2
0920  1663,Ranunculus sceleratus,8,8,8,8,2
0920  1664,Ranunculus trichophyllus,7,12,6,6,0
0920  1665,Ranunculus tripartitus,9,10,6,3,0
0920  5481,Raphanus raphanistrum,7,5,6,6,0
0920  1666,Raphanus raphanistrum subsp.maritimus,7,4,7,5,3
0920  1667,Raphanus raphanistrum subsp.raphanistrum,7,5,6,6,0
0920  1672,Reseda lutea,7,4,7,5,0
0920  1673,Reseda luteola,7,4,8,6,0
0920  1675,Rhamnus cathartica,7,5,7,6,0
0920  1683,Rhinanthus angustifolius,7,6,7,2,0
0920  1678,Rhinanthus minor,7,5,6,4,0
0920  1687,Rhododendron ponticum,5,5,3,3,0
0920  1691,Rhynchospora alba,8,9,2,1,0
0920  1692,Rhynchospora fusca,9,9,3,1,0
0920  1693,Ribes alpinum,5,5,8,6,0
0920  1694,Ribes nigrum,5,9,6,6,0
0920  1696,Ribes rubrum,5,7,7,6,0
0920  1695,Ribes spicatum,4,6,7,6,0
0920  1697,Ribes uva-crispa,5,5,7,6,0
0920  1698,Robinia pseudoacacia,7,4,6,6,0
0920  1700,Romulea columnae,9,4,5,2,0
0920  1701,Rorippa amphibia,8,10,7,8,0
0920  2546,Rorippa islandica,8,8,7,6,0
0920  1346,Rorippa microphylla,7,10,7,6,0
0920  1347,Rorippa nasturtium-aquaticum,7,10,7,7,0
0920  1348,Rorippa nasturtium-aquaticum agg.,7,10,7,7,0
0920  1703,Rorippa palustris,8,8,7,7,0
0920  1704,Rorippa sylvestris,8,8,7,7,0
0920  1706,Rosa agrestis,8,3,8,3,0
0920  1707,Rosa arvensis,6,4,7,5,0
0920  7533,Rosa caesia,8,3,7,3,0
0920  1708,Rosa canina agg.,6,5,7,6,0
0920  1709,Rosa canina sens.str.,6,5,7,6,0
0920  1712,Rosa micrantha,6,3,7,3,0
0920  1723,Rosa mollis,5,5,7,4,0
0920  1722,Rosa mollis agg.,5,5,7,4,0
0920  1713,Rosa obtusifolia,7,4,8,4,0
0920  1719,Rosa pimpinellifolia,8,3,6,3,0
0920  1715,Rosa rubiginosa,7,3,8,3,0
0920  1714,Rosa rubiginosa agg.,7,3,8,3,0
0920  1716,Rosa rugosa,8,3,6,3,2
0920  1718,Rosa sherardii,6,5,6,4,0
0920  1720,Rosa stylosa,7,4,8,4,0
0920  1721,Rosa tomentosa,7,4,7,4,0
0920  1725,Rubia peregrina,6,4,8,5,0
0920  2293,Rubus arcticus,7,5,7,4,0
0920  1726,Rubus caesius,7,7,7,6,0
0920  1727,Rubus chamaemorus,9,7,1,1,0
0920  1728,Rubus fruticosus agg.,6,6,6,6,0
0920  1729,Rubus idaeus,6,5,5,5,0
0920  1730,Rubus saxatilis,7,5,7,4,0
0920  1731,Rubus spectabilis,6,6,5,5,0
0920  1734,Rumex acetosa,7,5,5,4,0
0920  1735,Rumex acetosella,7,5,4,3,0
0920  1739,Rumex aquaticus,7,9,7,7,0
0920  1741,Rumex conglomeratus,8,8,7,7,0
0920  1742,Rumex crispus,8,6,7,6,2
0920  1745,Rumex hydrolapathum,7,10,7,6,0
0920  1746,Rumex longifolius,7,6,7,7,0
0920  1747,Rumex maritimus,8,9,7,7,0
0920  1748,Rumex obtusifolius,7,5,7,9,0
0920  1749,Rumex palustris,7,8,7,8,0
0920  1737,Rumex pseudoalpinus,7,6,7,9,0
0920  1751,Rumex pulcher,7,6,7,7,0
0920  1752,Rumex rupestris,7,8,5,5,0
0920  1753,Rumex sanguineus,5,7,7,7,0
0920  1759,Ruppia cirrhosa,7,12,7,5,4
0920  1758,Ruppia maritima,9,11,8,8,4
0920  1760,Ruscus aculeatus,4,5,4,4,0
0920  2559,Sagina apetala,9,4,6,3,0
0920  1765,Sagina maritima,9,7,7,4,4
0920  1764,Sagina nivalis,8,7,8,1,0
0920  1766,Sagina nodosa,8,7,7,3,1
0920  1767,Sagina procumbens,7,6,6,5,1
0920  1768,Sagina saginoides,8,7,6,2,0
0920  1769,Sagina subulata,8,6,6,4,0
0920  1771,Sagittaria sagittifolia,7,11,7,6,0
0920  2242,Salicornia,9,7,8,6,8
0920  1774,Salicornia dolichostachya,9,8,8,6,9
0920  1775,Salicornia europaea,9,8,8,6,9
0920  4326,Salicornia europaea agg.,9,8,8,6,9
0920  1776,Salicornia fragilis,9,8,8,6,9
0920  1778,Salicornia nitens,9,7,8,6,9
0920  1779,Salicornia obscura,9,8,8,6,9
0920  4327,Salicornia procumbens agg.,9,8,8,6,9
0920  1780,Salicornia pusilla,9,6,8,6,5
0920  1781,Salicornia ramosissima,9,7,8,5,9
0920  1784,Salix alba,6,7,8,8,0
0920  1785,Salix arbuscula,8,5,7,2,0
0920  1787,Salix aurita,7,8,4,3,0
0920  1788,Salix caprea,7,7,7,7,0
0920  1789,Salix cinerea,7,8,6,5,0
0920  1793,Salix fragilis,6,8,7,7,0
0920  1794,Salix herbacea,8,5,3,2,0
0920  1795,Salix lanata,8,6,7,3,0
0920  1796,Salix lapponum,8,6,6,3,0
0920  1797,Salix myrsinifolia,6,8,5,4,0
0920  1798,Salix myrsinites,8,5,6,2,0
0920  1799,Salix pentandra,7,8,6,4,0
0920  1800,Salix phylicifolia,7,8,5,4,0
0920  1801,Salix purpurea,8,9,7,5,0
0920  1802,Salix repens,8,7,6,3,0
0920  1803,Salix reticulata,7,6,8,3,0
0920  1804,Salix triandra,7,8,7,5,0
0920  1805,Salix viminalis,7,8,6,6,0
0920  5441,Salsola kali,9,6,7,8,3
0920  1810,Salvia pratensis,8,3,8,4,0
0920  1812,Salvia verbenaca,8,3,7,2,0
0920  1814,Sambucus ebulus,7,5,8,7,0
0920  1815,Sambucus nigra,6,5,7,7,0
0920  1816,Sambucus racemosa,6,5,6,7,0
0920  1817,Samolus valerandi,8,8,8,5,2
0920  5442,Sanguisorba minor,7,4,8,3,0
0920  1818,Sanguisorba officinalis,7,7,6,5,0
0920  1819,Sanicula europaea,4,5,7,5,0
0920  1821,Saponaria officinalis,8,5,6,6,0
0920  1777,Sarcocornia perennis,9,8,8,6,6
0920  1825,Saussurea alpina,8,6,6,3,0
0920  1826,Saxifraga aizoides,8,9,6,2,0
0920  1827,Saxifraga cernua,6,6,7,1,0
0920  1828,Saxifraga cespitosa,7,5,7,1,0
0920  1830,Saxifraga granulata,8,5,6,4,0
0920  1832,Saxifraga hirculus,8,9,6,2,0
0920  1833,Saxifraga hirsuta,6,7,5,2,0
0920  1835,Saxifraga hypnoides,7,5,6,3,0
0920  1836,Saxifraga nivalis,6,6,7,3,0
0920  1837,Saxifraga oppositifolia,8,6,8,2,0
0920  1838,Saxifraga rivularis,6,9,5,2,0
0920  5482,Saxifraga rosacea,7,4,8,4,0
0920  1840,Saxifraga spathularis,6,8,3,2,0
0920  1842,Saxifraga stellaris,8,8,5,3,0
0920  1843,Saxifraga tridactylites,7,2,7,2,0
0920  1846,Scabiosa columbaria,8,3,8,2,0
0920  1847,Scandix pecten-veneris,7,4,7,4,0
0920  1848,Scheuchzeria palustris,9,9,3,1,0
0920  1851,Schoenoplectus lacustris,8,11,7,6,0
0920  1849,Schoenoplectus pungens,8,10,7,7,1
0920  1852,Schoenoplectus tabernaemontani,9,10,8,7,3
0920  1853,Schoenoplectus triqueter,8,10,7,7,3
0920  1854,Schoenus ferrugineus,8,9,7,2,0
0920  1855,Schoenus nigricans,8,8,7,2,0
0920  1856,Scilla autumnalis,9,3,6,1,0
0920  1857,Scilla verna,8,5,5,3,3
0920   985,Scirpoides holoschoenus,8,8,7,6,0
0920  1861,Scirpus sylvaticus,6,8,6,6,0
0920  1862,Scleranthus annuus,7,4,4,4,0
0920  1863,Scleranthus perennis,8,3,4,2,0
0920  1864,Scorzonera humilis,8,7,5,2,0
0920  1865,Scrophularia auriculata,7,8,7,7,0
0920  1867,Scrophularia nodosa,5,6,7,6,0
0920  1868,Scrophularia scorodonia,7,4,6,6,0
0920  1869,Scrophularia umbrosa,7,9,7,7,0
0920  1870,Scrophularia vernalis,5,5,7,7,0
0920  1872,Scutellaria galericulata,7,8,6,5,0
0920  1874,Scutellaria minor,7,9,4,2,0
0920  4369,Secale cereale,8,5,7,7,0
0920  1875,Sedum acre,8,2,7,2,1
0920  1876,Sedum album,8,3,6,2,0
0920  1877,Sedum anglicum,8,3,4,2,1
0920  1879,Sedum forsterianum,7,3,5,1,0
0920  1882,Sedum rosea,7,6,6,3,0
0920  1881,Sedum rupestre,7,2,5,4,0
0920  1885,Sedum telephium,7,5,7,5,1
0920  1886,Sedum villosum,8,9,6,2,0
0910  1888,Selaginella selaginoides,8,7,6,2,0
0920  1889,Selinum carvifolia,7,7,8,4,0
0920  1890,Sempervivum tectorum,8,2,4,1,0
0920  1891,Senecio aquaticus,7,8,6,5,0
0920  2294,Senecio cambrensis,8,5,7,7,0
0920  1892,Senecio cineraria,9,3,7,3,3
0920  1896,Senecio erucifolius,7,5,7,5,0
0920  1897,Senecio fluviatilis,7,8,6,7,0
0920  1899,Senecio jacobaea,7,4,6,4,0
0920  1900,Senecio paludosus,7,9,7,6,0
0920  4436,Senecio smithii,8,7,6,7,0
0920  1902,Senecio squalidus,8,4,7,7,0
0920  1903,Senecio sylvaticus,7,5,5,6,0
0920  1904,Senecio viscosus,8,5,7,6,1
0920  1905,Senecio vulgaris,7,5,7,7,0
0920  4243,Serapias parviflora,8,4,7,3,0
0920   172,Seriphidium maritimum,9,7,8,6,5
0920  1906,Serratula tinctoria,7,6,6,2,0
0920  1907,Seseli libanotis,7,4,8,3,0
0920  1908,Sesleria caerulea,7,6,8,2,0
0920  1911,Setaria viridis,7,4,7,7,0
0920  1912,Sherardia arvensis,7,4,6,4,0
0920  1913,Sibbaldia procumbens,8,5,4,3,0
0920  1914,Sibthorpia europaea,5,7,5,5,0
0920  1916,Silaum silaus,8,5,7,4,0
0920  1917,Silene acaulis,8,5,6,1,0
0920  1921,Silene conica,8,3,4,2,0
0920  1259,Silene dioica,5,6,6,7,0
0920  1918,Silene gallica,7,4,5,5,0
0920  1258,Silene latifolia,7,4,7,6,0
0920  1261,Silene noctiflora,7,4,7,6,0
0920  1928,Silene nutans,8,3,8,4,0
0920  1929,Silene otites,8,3,7,2,0
0920  1926,Silene uniflora,8,6,6,4,3
0920  4578,Silene vulgaris,7,4,8,5,0
0920  1930,Silybum marianum,8,4,8,6,1
0920  1931,Simethis planifolia,7,5,4,3,0
0920  1932,Sinapis alba,7,4,7,6,0
0920  1933,Sinapis arvensis,8,5,7,7,0
0920  1934,Sison amomum,7,4,7,5,0
0920  1935,Sisymbrium altissimum,8,5,6,4,0
0920  1938,Sisymbrium officinale,7,4,7,7,0
0920  1939,Sisymbrium orientale,7,4,7,5,0
0920  1942,Sisyrinchium bermudiana,8,8,6,3,0
0920  1944,Sium latifolium,7,10,7,7,0
0920  1945,Smyrnium olusatrum,7,5,7,7,0
0920  1947,Solanum dulcamara,7,8,7,7,0
0920  1949,Solanum nigrum,7,5,7,8,0
0920  1946,Solanum sarachoides,7,4,7,7,0
0920  4360,Solanum tuberosum,7,4,6,7,0
0920   965,Soleirolia soleirolii,4,8,7,6,0
0920  2251,Solidago canadensis,8,5,6,6,0
0920  2434,Solidago gigantea,8,5,5,6,0
0920  1951,Solidago virgaurea,5,5,4,3,0
0920  1952,Sonchus arvensis,8,6,7,6,1
0920  1953,Sonchus asper,7,5,7,6,0
0920  1954,Sonchus oleraceus,7,5,7,7,0
0920  1955,Sonchus palustris,7,8,7,7,1
0920  1956,Sorbus anglica,6,4,8,4,0
0920  1958,Sorbus aria,6,4,7,4,0
0920  1957,Sorbus aria agg.,6,5,7,4,0
0920  1959,Sorbus arranensis,7,4,4,3,0
0920  1960,Sorbus aucuparia,6,6,3,4,0
0920  1961,Sorbus bristoliensis,6,4,8,4,0
0920  1962,Sorbus devoniensis,6,5,6,5,0
0920  1963,Sorbus domestica,6,4,8,3,0
0920  1964,Sorbus eminens,6,5,7,5,0
0920  1965,Sorbus hibernica,6,5,7,5,0
0920  1966,Sorbus intermedia,6,6,8,7,0
0920  1967,Sorbus lancastriensis,8,4,7,3,0
0920  1969,Sorbus leptophylla,5,5,7,5,0
0920  1970,Sorbus leyana,7,5,8,4,0
0920  1971,Sorbus minima,6,4,8,3,0
0920  1972,Sorbus porrigentiformis,7,5,7,5,0
0920  1973,Sorbus pseudofennica,7,4,4,3,0
0920  1974,Sorbus rupicola,8,4,7,3,0
0920  1976,Sorbus subcuneata,6,5,4,4,0
0920  1977,Sorbus torminalis,4,5,6,5,0
0920  1979,Sorbus vexans,6,5,4,4,0
0920  2272,Sorbus wilmottiana,6,4,8,3,0
0920  1980,Sparganium angustifolium,8,11,4,2,0
0920  1983,Sparganium emersum,7,11,7,6,0
0920  1981,Sparganium erectum,7,10,7,7,0
0920  1982,Sparganium natans,7,11,6,3,0
0920  1984,Spartina alterniflora,9,9,8,7,7
0920  2278,Spartina anglica,9,9,8,6,7
0920  1985,Spartina maritima,9,9,8,5,6
0920  1987,Spergula arvensis,7,4,5,5,0
0920  1989,Spergularia bocconei,9,4,6,7,0
0920  1990,Spergularia marina,8,8,8,6,5
0920  1991,Spergularia media,8,8,8,5,5
0920  1992,Spergularia rubra,8,3,4,2,0
0920  1993,Spergularia rupicola,9,6,6,5,3
0920  1995,Spiranthes aestivalis,9,8,8,2,0
0920  1996,Spiranthes romanzoffiana,8,8,6,4,0
0920  1997,Spiranthes spiralis,8,4,6,3,0
0920  1127,Spirodela polyrhiza,7,11,7,7,1
0920  1998,Stachys alpina,7,5,8,7,0
0920  2001,Stachys arvensis,8,5,5,5,0
0920  2002,Stachys germanica,7,3,8,5,0
0920   237,Stachys officinalis,7,5,5,3,0
0920  2003,Stachys palustris,7,8,7,7,0
0920  1999,Stachys palustris x sylvatica (S. x ambigua),7,6,6,6,1
0920  2005,Stachys sylvatica,6,6,7,8,0
0920  2009,Stellaria graminea,7,6,5,4,0
0920  2010,Stellaria holostea,5,5,6,6,0
0920  2012,Stellaria media,7,5,6,7,0
0920  2011,Stellaria media agg.,7,5,5,6,0
0920  2013,Stellaria neglecta,6,7,6,7,0
0920  2014,Stellaria nemorum,4,6,6,7,0
0920  2008,Stellaria pallida,7,4,4,4,0
0920  2015,Stellaria palustris,7,8,6,4,0
0920  2007,Stellaria uliginosa,7,8,5,5,0
0920  2017,Stratiotes aloides,7,11,7,6,1
0920  2019,Suaeda maritima,9,8,8,6,7
0920  2018,Suaeda vera,9,7,8,5,5
0920  2020,Subularia aquatica,7,11,5,2,0
0920  2021,Succisa pratensis,7,7,5,2,0
0920  2022,Symphoricarpos albus,5,5,6,7,0
0920  2025,Symphytum asperum x officinale (S. x uplandicum),6,5,7,7,0
0920  2024,Symphytum officinale,7,7,7,8,0
0920  2026,Symphytum orientale,6,4,7,6,0
0920  2028,Symphytum tuberosum,6,6,6,6,0
0920  2029,Syringa vulgaris,6,5,6,5,0
0920  2032,Tamus communis,6,5,7,6,0
0920   503,Tanacetum parthenium,7,4,7,6,0
0920  2033,Tanacetum vulgare,7,6,7,7,0
0920  2034,Taraxacum,7,5,7,6,1
0920  2039,Taxus baccata,4,4,7,5,0
0920  2041,Teesdalia nudicaulis,8,3,2,2,0
0920  2435,Tellima grandiflora,3,8,6,4,0
0920  5397,Tephroseris integrifolia,7,3,8,3,0
0920  1893,Tephroseris palustris,7,9,7,6,0
0920  2043,Teucrium botrys,9,2,8,2,0
0920  2044,Teucrium chamaedrys,8,2,8,1,0
0920  2045,Teucrium scordium,7,8,8,4,1
0920  2046,Teucrium scorodonia,6,4,4,3,0
0920  2047,Thalictrum alpinum,8,7,6,3,0
0920  2048,Thalictrum flavum,7,8,7,5,0
0920  2049,Thalictrum minus,7,4,6,3,0
0910  2052,Thelypteris palustris,6,8,7,5,0
0920  2055,Thesium humifusum,8,3,8,3,0
0920  2058,Thlaspi arvense,7,4,7,6,0
0920  2057,Thlaspi caerulescens,8,4,6,1,0
0920  2059,Thlaspi perfoliatum,8,4,8,2,0
0920  2403,Thuja plicata,4,5,5,4,0
0920  2060,Thymus polytrichus,8,4,6,2,0
0920  2061,Thymus pulegioides,8,4,8,2,0
0920  2062,Thymus serpyllum,8,2,5,2,0
0920  2063,Tilia cordata,5,5,6,5,0
0920  2065,Tilia cordata x platyphyllos (T. x europaea),5,5,6,6,0
0920  2064,Tilia platyphyllos,4,5,7,6,0
0920  2066,Tofieldia pusilla,8,9,7,2,0
0920  2436,Tolmiea menziesii,3,6,7,7,0
0920  2067,Tordylium maximum,7,3,6,5,0
0920  2068,Torilis arvensis,8,4,8,4,0
0920  2069,Torilis japonica,7,5,7,7,0
0920  2070,Torilis nodosa,8,5,7,6,1
0920  2074,Tragopogon pratensis,8,4,7,5,0
0910  2075,Trichomanes speciosum,2,7,7,3,0
0920  1859,Trichophorum alpinum,8,9,2,2,0
0920  1858,Trichophorum cespitosum,8,8,2,1,0
0920  2076,Trientalis europaea,5,6,3,3,0
0920  2077,Trifolium arvense,9,3,5,2,1
0920  2079,Trifolium bocconei,9,4,5,2,0
0920  2080,Trifolium campestre,8,4,6,4,0
0920  2081,Trifolium dubium,7,4,6,5,0
0920  2083,Trifolium fragiferum,8,7,7,6,2
0920  2084,Trifolium glomeratum,9,3,5,2,0
0920  5459,Trifolium hybridum,7,5,7,6,0
0920  7649,Trifolium incarnatum,8,2,5,2,1
0920  2086,Trifolium incarnatum subsp.incarnatum,7,4,6,5,0
0920  2089,Trifolium incarnatum subsp.molinerii,8,2,5,2,1
0920  2087,Trifolium medium,7,4,6,4,0
0920  2088,Trifolium micranthum,8,5,5,5,0
0920  2268,Trifolium occidentale,9,4,6,2,3
0920  2090,Trifolium ochroleucon,7,5,8,2,0
0920  2103,Trifolium ornithopodioides,9,6,5,3,0
0920  2091,Trifolium pratense,7,5,7,5,0
0920  2092,Trifolium repens,7,5,6,6,0
0920  2094,Trifolium scabrum,9,3,7,2,1
0920  2095,Trifolium squamosum,9,6,7,6,3
0920  2097,Trifolium striatum,8,3,5,2,0
0920  2098,Trifolium strictum,9,2,5,2,0
0920  2099,Trifolium subterraneum,8,3,4,2,0
0920  2100,Trifolium suffocatum,8,4,4,2,0
0920  2101,Triglochin maritimum,8,7,7,5,4
0920  2102,Triglochin palustre,8,9,6,2,2
0920  2104,Trinia glauca,9,2,8,1,0
0920  1241.1,Tripleurospermum inodorum,8,5,6,6,0
0920  1241.3,Tripleurospermum maritimum,8,5,6,6,1
0920  1241,Tripleurospermum maritimum sens.lat.,8,5,6,6,1
0920  2105,Trisetum flavescens,7,4,7,4,0
0920  4367,Triticum aestivum,8,5,7,7,0
0920  2106,Trollius europaeus,7,7,6,4,0
0920  2404,Tsuga heterophylla,6,6,3,3,0
0920   956,Tuberaria guttata,9,2,5,1,0
0920  2109,Tussilago farfara,7,6,6,6,0
0920  2110,Typha angustifolia,8,10,7,7,1
0920  2111,Typha latifolia,8,10,7,7,0
0920  2112,Ulex europaeus,7,5,5,3,0
0920  2113,Ulex gallii,7,6,3,2,0
0920  2114,Ulex minor,8,6,1,2,0
0920  2119,Ulmus glabra,4,5,7,6,0
0920  2115,Ulmus minor,5,5,7,7,0
0920  2121,Ulmus plotii,5,5,7,7,0
0920  2122,Ulmus procera,5,5,8,6,0
0920  2125,Umbilicus rupestris,6,4,5,4,0
0920  2126,Urtica dioica,6,6,7,8,0
0920  2128,Urtica urens,8,5,6,8,0
0920  2131,Utricularia australis,7,12,5,3,0
0920  2129,Utricularia intermedia sens.lat.,8,12,4,2,0
0920  4333,Utricularia intermedia sens.str.,8,12,4,2,0
0920  2130,Utricularia minor,8,12,4,2,0
0920  4334,Utricularia ochroleuca,8,12,3,1,0
0920  4335,Utricularia stygia,8,12,5,2,0
0920  2132,Utricularia vulgaris sens.lat.,7,12,6,4,0
0920  2133,Utricularia vulgaris sens.str.,7,12,7,4,0
0920  1418,Vaccinium microcarpum,7,8,1,1,0
0920  2136,Vaccinium myrtillus,6,6,2,2,0
0920  1419,Vaccinium oxycoccos,8,9,2,1,0
0920  2137,Vaccinium uliginosum,7,6,2,2,0
0920  2138,Vaccinium vitis-idaea,6,5,2,2,0
0920  2139,Valeriana dioica,8,8,6,3,0
0920  2140,Valeriana officinalis,6,8,6,5,0
0920  2141,Valeriana pyrenaica,5,7,5,5,0
0920  2142,Valerianella carinata,8,4,8,4,0
0920  2143,Valerianella dentata,8,4,7,4,0
0920  2144,Valerianella eriocarpa,8,3,8,3,0
0920  2145,Valerianella locusta,8,4,6,4,0
0920  2146,Valerianella rimosa,8,4,8,3,0
0920  2149,Verbascum lychnitis,7,3,7,3,0
0920  2150,Verbascum nigrum,7,4,7,6,0
0920  2153,Verbascum pulverulentum,8,3,7,5,0
0920  2157,Verbascum thapsus,7,4,7,5,0
0920  2158,Verbascum virgatum,8,4,5,5,0
0920  2159,Verbena officinalis,8,5,7,6,0
0920  2161,Veronica agrestis,7,6,6,7,0
0920  2162,Veronica alpina,8,6,5,2,0
0920  2163,Veronica anagallis-aquatica,7,10,7,7,0
0920  2165,Veronica arvensis,8,4,6,5,0
0920  2166,Veronica beccabunga,7,10,6,6,0
0920  2167,Veronica catenata,8,10,7,8,0
0920  2168,Veronica chamaedrys,6,5,6,5,0
0920  2169,Veronica filiformis,7,6,7,7,0
0920  2170,Veronica fruticans,8,5,7,2,0
0920  2171,Veronica hederifolia,6,5,7,6,0
0920  2172,Veronica montana,4,6,6,6,0
0920  2173,Veronica officinalis,6,5,4,4,0
0920  2175,Veronica persica,6,5,7,7,0
0920  2176,Veronica polita,7,4,7,5,0
0920  2177,Veronica praecox,8,2,8,1,0
0920  2179,Veronica scutellata,8,9,5,3,0
0920  2180,Veronica serpyllifolia,7,5,6,5,0
0920  2181,Veronica spicata,8,3,7,2,0
0920  2182,Veronica triphyllos,7,4,7,3,0
0920  2183,Veronica verna,8,2,5,1,0
0920  2184,Viburnum lantana,7,5,7,5,0
0920  2185,Viburnum opulus,6,7,6,6,0
0920  2187,Vicia bithynica,7,4,6,4,0
0920  2189,Vicia cracca,7,6,7,5,0
0920  4366,Vicia faba,8,4,7,7,0
0920  2191,Vicia hirsuta,7,5,6,6,0
0920  2194,Vicia lathyroides,8,3,5,3,0
0920  2195,Vicia lutea,7,4,7,5,1
0920  2196,Vicia orobus,7,5,5,4,0
0920  2201,Vicia parviflora,7,5,7,5,0
0920  2516,Vicia sativa,7,4,7,4,0
0920  2198,Vicia sepium,6,5,6,6,0
0920  2199,Vicia sylvatica,7,5,7,5,0
0920  2202,Vicia tetrasperma,7,5,7,6,0
0920  2203,Vicia villosa,7,4,6,5,0
0920  2204,Vinca major,5,6,7,6,0
0920  2205,Vinca minor,4,6,7,7,0
0920  2206,Viola arvensis,8,4,6,6,0
0920  2207,Viola canina,8,4,5,2,0
0920  2210,Viola hirta,7,4,8,2,0
0920  2213,Viola kitaibeliana,9,3,5,2,1
0920  2211,Viola lactea,7,6,2,2,0
0920  2212,Viola lutea,8,5,5,2,0
0920  2214,Viola odorata,5,5,7,7,0
0920  2215,Viola palustris,7,9,3,2,0
0920  2216,Viola persicifolia,7,8,7,3,0
0920  2217,Viola reichenbachiana,4,6,7,5,0
0920  2218,Viola riviniana,6,5,5,4,0
0920  2219,Viola rupestris,8,3,8,2,0
0920  2220,Viola tricolor,8,4,6,4,0
0920  2223,Viscum album,7,5,6,5,0
0920  2226,Vulpia bromoides,8,4,5,3,0
0920  5468,Vulpia ciliata,9,2,7,2,1
0920  2227,Vulpia fasciculata,9,3,7,2,1
0920  2228,Vulpia myuros,8,3,6,3,0
0920  2263,Vulpia unilateralis,9,3,8,2,0
0920  2230,Wahlenbergia hederacea,6,8,3,3,0
0920  2231,Wolffia arrhiza,7,11,7,7,0
0910  2232,Woodsia alpina,7,4,8,2,0
0910  2233,Woodsia ilvensis,7,3,5,2,0
0920  2237,Zannichellia palustris,7,12,8,7,2
0920  4439,Zea mays,8,3,8,7,0
0920  2238,Zostera angustifolia,7,12,8,5,8
0920  2239,Zostera marina,6,12,8,6,8
0920  2240,Zostera noltei,8,11,8,5,8
,,,,,,
,,,,,,
,,,,,,
